LOOPNr,ID,method,DGUnr,Depth (m),F⁻ [mg/L],Cl⁻ [mg/L],Br⁻ [mg/L],NO₃⁻ [mg/L],PO₄⁻ [mg/L],SO₄²⁻ [mg/L],NH₄⁺ [μg/L],DOC [mg/L],TIC [mg/L],δ¹⁸O [‰],δD [‰],Al³⁺ [mg/L],Ba²⁺ [mg/L],Ca²⁺ [mg/L],Fe²⁺ [mg/L],K⁺ [mg/L],Mg²⁺ [mg/L],Mn²⁺ [mg/L],Na⁺ [mg/L],Ni²⁺ [mg/L],Sr²⁺ [mg/L],Fe(II)_FA [mg/kg],Fe(total)_FA [mg/kg],Fe(II)/Fe(total) [-],GW_Al³⁺ [mg/L],GW_Ba²⁺ [mg/L],GW_Ca²⁺ [mg/L],GW_Fe²⁺ [mg/L],GW_K⁺ [mg/L],GW_Mg²⁺ [mg/L],GW_Mn²⁺ [mg/L],GW_Na⁺ [mg/L],GW_Ni²⁺ [mg/L],GW_Sr²⁺ [mg/L],GW_pH [-],GW_Cond [µS/cm],GW_DO [mg/L],GW_F⁻ [mg/L],GW_Cl⁻ [mg/L],GW_Br⁻ [mg/L],GW_NO₃⁻ [mg/L],GW_PO₄³⁻ [mg/L],GW_SO₄²⁻ [mg/L],GW_δ¹⁸O [‰],GW_δD [‰]
LOOP2,P1,GeoProbe,40.2054,1.07,,,,,,,,,,,,,,,,,,,,,,0.2,28.4,0.01,,,,,,,,,,,,,,,,,,,,,
LOOP2,P1,GeoProbe,40.2054,1.6,,,,,,,,,,,,,,,,,,,,,,1.1,162.5,0.01,,,,,,,,,,,,,,,,,,,,,
LOOP2,P1,GeoProbe,40.2054,1.78,0.97,832.49,-0.05,84.51,-0.05,39.56,6573.65,70.54,9.86,-7.06,-47.98,0.52,0.32,96.5,,4.37,39.35,0.52,429.93,0.05,0.78,,,,,,,,,,,,,,,,,,,,,,,,
LOOP2,P1,GeoProbe,40.2054,2.79,,,,,,,,,,,,,,,,,,,,,,10.5,207.1,0.05,,,,,,,,,,,,,,,,,,,,,
LOOP2,P1,GeoProbe,40.2054,2.94,0.4,141.45,0.33,78.38,-0.05,44.91,1362.46,61.68,,,,0.3,0.04,52.27,,1.74,15.55,0.03,70.3,0.03,0.38,,,,,,,,,,,,,,,,,,,,,,,,
LOOP2,P1,GeoProbe,40.2054,4.01,,,,,,,,,,,,,,,,,,,,,,18.2,205.9,0.09,,,,,,,,,,,,,,,,,,,,,
LOOP2,P1,GeoProbe,40.2054,4.16,3.03,55.15,0.27,37.43,-0.05,68.07,,,,,,,,,,,,,,,,,,,,,,,,,,,,,,,,,,,,,,,
LOOP2,P1,GeoProbe,40.2054,4.325,,,,,,,,,,,,,,,,,,,,,,11.7,150.8,0.08,,,,,,,,,,,,,,,,,,,,,
LOOP2,P1,GeoProbe,40.2054,5.23,,,,,,,,,,,,,,,,,,,,,,9.8,282.8,0.03,,,,,,,,,,,,,,,,,,,,,
LOOP2,P1,GeoProbe,40.2054,5.38,1.05,35.71,0.12,45.67,-0.05,45.64,192.85,,,,,0.33,0.11,104.57,,2.2,9.94,0.02,41.52,0.01,0.68,,,,,,,,,,,,,,,,,,,,,,,,
LOOP2,P1,GeoProbe,40.2054,5.92,1.05,36.63,0.42,54.99,-0.05,42.7,208.06,,66.64,,,0.34,0.18,99.01,,4.82,9.23,0.02,44.83,0.01,0.62,,,,,,,,,,,,,,,,,,,,,,,,
LOOP2,P1,GeoProbe,40.2054,6.45,,,,,,,,,,,,,,,,,,,,,,4.0,206.4,0.02,,,,,,,,,,,,,,,,,,,,,
LOOP2,P1,GeoProbe,40.2054,6.6,1.43,39.07,0.57,73.82,-0.05,65.14,636.69,,76.71,,,0.3,0.13,117.57,,9.18,9.1,0.02,41.06,0.01,0.56,,,,,,,,,,,,,,,,,,,,,,,,
LOOP2,P1,GeoProbe,40.2054,7.67,,,,,,,,,,,,,,,,,,,,,,0.9,66.1,0.01,,,,,,,,,,,,,,,,,,,,,
LOOP2,P1,GeoProbe,40.2054,7.82,0.69,41.56,0.02,56.76,-0.05,43.54,1042.26,66.45,103.4,-7.21,-49.42,0.33,0.05,144.66,,3.99,8.71,0.06,32.3,0.01,0.47,,,,,,,,,,,,,,,,,,,,,,,,
LOOP2,P1,GeoProbe,40.2054,8.99,,,,,,,,,,,,,,,,,,,,,,238.5,441.4,0.54,,,,,,,,,,,,,,,,,,,,,
LOOP2,P1,GeoProbe,40.2054,9.14,0.3,28.5,0.18,65.9,-0.05,41.71,262.07,39.67,93.07,-7.42,-51.18,0.28,0.03,118.67,,3.11,7.88,0.36,22.41,0.01,0.33,,,,,,,,,,,,,,,,,,,,,,,,
LOOP2,P1,GeoProbe,40.2054,10.025,,,,,,,,,,,,,,,,,,,,,,1.4,111.4,0.01,,,,,,,,,,,,,,,,,,,,,
LOOP2,P1,GeoProbe,40.2054,10.17,0.09,27.6,0.09,90.87,-0.05,46.16,133.7,35.67,56.87,-7.5,-52.56,0.27,0.03,98.49,,1.89,8.71,0.17,22.24,0.01,0.3,,,,,,,,,,,,,,,,,,,,,,,,
LOOP2,P1,GeoProbe,40.2054,10.76,0.18,26.93,0.11,91.74,-0.05,46.14,182.15,35.3,70.97,-7.6,-51.95,0.32,0.03,103.51,,1.84,8.19,0.05,22.49,0.01,0.3,,,,,,,,,,,,,,,,,,,,,,,,
LOOP2,P1,GeoProbe,40.2054,12.1,0.37,30.97,0.13,117.36,-0.05,38.43,100.36,68.13,57.52,-7.99,-55.73,0.27,0.07,102.99,,3.41,9.63,0.26,27.72,0.01,0.32,,,,,,,,,,,,,,,,,,,,,,,,
LOOP2,P1,GeoProbe,40.2054,12.49,,,,,,,,,,,,,,,,,,,,,,3.7,135.7,0.03,,,,,,,,,,,,,,,,,,,,,
LOOP2,P1,GeoProbe,40.2054,12.84,0.12,29.75,0.16,142.07,-0.05,38.68,18.62,57.58,52.36,-7.97,-55.55,0.27,0.04,94.96,,2.51,8.67,0.03,25.3,0.01,0.29,,,,,,,,,,,,,,,,,,,,,,,,
LOOP2,P2,GeoProbe,40.2055,0.3,0.46,10.32,-0.05,79.59,-0.05,36.7,77.13,,,,,3.96,0.12,29.27,2.87,7.42,3.14,0.02,29.21,0.01,0.16,,,,,,,,,,,,,,,,,,,,,,,,
LOOP2,P2,GeoProbe,40.2055,0.44,,,,,,,,,,,,,,,,,,,,,,20.7,80.0,0.26,,,,,,,,,,,,,,,,,,,,,
LOOP2,P2,GeoProbe,40.2055,1.555,,,,,,,,,,,,,,,,,,,,,,96.5,253.0,0.38,,,,,,,,,,,,,,,,,,,,,
LOOP2,P2,GeoProbe,40.2055,1.94,0.16,26.02,0.11,124.71,-0.05,56.26,241.96,68.54,11.75,-7.0,-48.59,0.28,0.14,50.4,,21.75,7.96,0.13,21.03,0.02,0.23,,,,,,,,,,,,,,,,,,,,,,,,
LOOP2,P2,GeoProbe,40.2055,2.79,,,,,,,,,,,,,,,,,,,,,,5.0,97.0,0.05,,,,,,,,,,,,,,,,,,,,,
LOOP2,P2,GeoProbe,40.2055,3.19,0.25,48.08,0.01,82.31,-0.05,76.86,195.29,67.56,23.04,-7.11,-48.86,0.28,0.1,67.57,,5.81,7.4,0.11,34.64,0.03,0.31,,,,,,,,,,,,,,,,,,,,,,,,
LOOP2,P2,GeoProbe,40.2055,3.53,,,,,,,,,,,,,,,,,,,,,,163.5,261.0,0.63,,,,,,,,,,,,,,,,,,,,,
LOOP2,P2,GeoProbe,40.2055,3.88,1.38,29.4,-0.05,51.86,-0.05,89.12,419.95,103.8,55.23,-6.92,-48.9,0.28,0.11,113.82,,6.91,10.26,0.12,31.28,0.03,0.46,,,,,,,,,,,,,,,,,,,,,,,,
LOOP2,P2,GeoProbe,40.2055,4.01,,,,,,,,,,,,,,,,,,,,,,483.1,517.1,0.93,,,,,,,,,,,,,,,,,,,,,
LOOP2,P2,GeoProbe,40.2055,4.16,1.55,41.89,0.43,0.69,-0.05,160.56,1996.75,124.45,58.77,-7.49,-50.51,0.27,0.07,123.29,,3.12,8.14,0.21,41.1,0.02,0.44,,,,,,,,,,,,,,,,,,,,,,,,
LOOP2,P2,GeoProbe,40.2055,4.55,,,,,,,,,,,,,,,,,,,,,,517.6,565.6,0.92,,,,,,,,,,,,,,,,,,,,,
LOOP2,P2,GeoProbe,40.2055,4.7,0.99,33.88,0.23,0.46,-0.05,161.9,458.72,94.56,55.09,-7.87,-51.81,0.27,0.08,119.0,,2.56,7.27,0.17,36.51,0.01,0.45,,,,,,,,,,,,,,,,,,,,,,,,
LOOP2,P2,GeoProbe,40.2055,5.03,0.43,242.66,0.48,0.18,-0.05,104.57,827.24,100.55,84.52,-7.72,-51.92,0.49,0.09,147.07,,5.4,12.71,0.37,134.83,0.01,0.53,,,,,,,,,,,,,,,,,,,,,,,,
LOOP2,P2,GeoProbe,40.2055,5.37,,,,,,,,,,,,,,,,,,,,,,331.4,757.9,0.44,,,,,,,,,,,,,,,,,,,,,
LOOP2,P2,GeoProbe,40.2055,5.77,,,,,,,,,,,,,,,,,,,,,,680.7,755.3,0.9,,,,,,,,,,,,,,,,,,,,,
LOOP2,P2,GeoProbe,40.2055,5.92,0.21,27.05,0.19,0.06,-0.05,114.35,7.3,98.26,53.16,-7.62,-52.82,2.16,0.08,102.23,1.03,3.02,9.98,0.82,28.64,0.24,0.33,,,,,,,,,,,,,,,,,,,,,,,,
LOOP2,P2,GeoProbe,40.2055,5.93,2.66,38.12,-0.05,0.52,0.19,164.36,,,,,,,,,,,,,,,,,,,,,,,,,,,,,,,,,,,,,,,
LOOP2,P2,GeoProbe,40.2055,6.25,,,,,,,,,,,,,,,,,,,,,,36.7,295.8,0.12,,,,,,,,,,,,,,,,,,,,,
LOOP2,P2,GeoProbe,40.2055,6.4,0.22,48.25,0.25,0.07,-0.05,107.17,241.21,66.16,63.67,-7.79,-53.02,0.27,0.05,109.39,,3.05,10.1,1.2,34.33,0.01,0.38,,,,,,,,,,,,,,,,,,,,,,,,
LOOP2,P2,GeoProbe,40.2055,6.87,,,,,,,,,,,,,,,,,,,,,,168.7,264.7,0.64,,,,,,,,,,,,,,,,,,,,,
LOOP2,P2,GeoProbe,40.2055,7.02,0.41,65.47,0.29,2.31,-0.05,118.3,508.07,112.25,69.54,-7.49,-53.02,0.33,0.12,115.12,0.02,2.89,9.89,0.05,48.05,0.26,0.45,,,,,,,,,,,,,,,,,,,,,,,,
LOOP2,P2A,GeoProbe,48.2126,1.32,0.27,15.13,-0.05,0.06,-0.05,54.34,376.04,103.9,,-6.63,-47.7,0.3,0.09,102.67,0.04,7.79,7.5,0.45,34.87,0.05,0.36,,,,,,,,,,,,,,,,,,,,,,,,
LOOP2,P2A,GeoProbe,48.2126,1.66,,,,,,,,,,,,,,,,,,,,,,512.5,752.1,0.68,,,,,,,,,,,,,,,,,,,,,
LOOP2,P2A,GeoProbe,48.2126,2.69,0.21,26.95,0.39,0.12,-0.05,144.48,2119.82,82.36,76.71,-7.56,-52.57,0.32,0.09,106.41,,5.18,9.34,0.1,29.32,0.04,0.36,,,,,,,,,,,,,,,,,,,,,,,,
LOOP2,P2A,GeoProbe,48.2126,3.065,,,,,,,,,,,,,,,,,,,,,,411.8,623.2,0.66,,,,,,,,,,,,,,,,,,,,,
LOOP2,P2A,GeoProbe,48.2126,3.58,0.29,26.66,0.15,0.05,-0.05,136.12,240.0,57.21,53.8,-8.09,-55.34,0.35,0.08,82.29,0.14,2.92,7.89,0.06,25.13,0.02,0.28,,,,,,,,,,,,,,,,,,,,,,,,
LOOP2,P2A,GeoProbe,48.2126,3.91,0.23,25.31,0.18,0.07,-0.05,122.92,191.84,57.29,36.76,-7.76,-53.99,0.29,0.07,78.42,,2.5,8.32,0.1,26.89,0.01,0.26,,,,,,,,,,,,,,,,,,,,,,,,
LOOP2,P2A,GeoProbe,48.2126,4.25,,,,,,,,,,,,,,,,,,,,,,671.3,710.7,0.94,,,,,,,,,,,,,,,,,,,,,
LOOP2,P2A,GeoProbe,48.2126,4.6,0.67,27.82,0.28,0.19,0.11,121.82,795.49,84.48,62.57,-7.5,-54.72,0.31,0.06,69.45,,3.46,7.89,0.09,31.08,0.01,0.31,,,,,,,,,,,,,,,,,,,,,,,,
LOOP2,P2A,GeoProbe,48.2126,5.03,0.37,25.37,0.21,0.1,-0.05,117.39,67.25,70.83,34.65,-7.34,-53.74,0.34,0.05,69.34,,2.73,7.57,0.1,26.0,0.01,0.24,,,,,,,,,,,,,,,,,,,,,,,,
LOOP2,P2A,GeoProbe,48.2126,5.37,,,,,,,,,,,,,,,,,,,,,,635.9,663.8,0.96,,,,,,,,,,,,,,,,,,,,,
LOOP2,P2A,GeoProbe,48.2126,5.72,0.3,13.02,0.1,0.07,-0.05,96.4,193.32,46.33,75.22,-7.75,-54.11,0.27,0.05,68.21,,2.87,7.35,0.09,26.5,0.01,0.24,,,,,,,,,,,,,,,,,,,,,,,,
LOOP2,P2A,GeoProbe,48.2126,6.25,0.34,26.02,0.2,0.13,-0.05,127.3,209.02,82.63,35.81,-7.41,-53.5,0.27,0.05,68.3,,2.77,7.38,0.1,26.37,0.02,0.24,,,,,,,,,,,,,,,,,,,,,,,,
LOOP2,P2A,GeoProbe,48.2126,6.59,,,,,,,,,,,,,,,,,,,,,,1061.9,1128.3,0.94,,,,,,,,,,,,,,,,,,,,,
LOOP2,P2A,GeoProbe,48.2126,6.94,0.23,22.49,0.21,0.07,0.07,105.76,36.95,79.13,31.26,-7.74,-53.67,0.26,0.05,62.25,1.25,2.32,6.9,0.07,25.54,0.01,0.23,,,,,,,,,,,,,,,,,,,,,,,,
LOOP2,P2A,GeoProbe,48.2126,7.23,1.34,30.78,0.29,0.25,-0.05,107.62,409.28,87.31,47.91,-7.62,-52.54,0.38,0.05,66.75,,3.52,7.42,0.08,28.67,0.01,0.23,,,,,,,,,,,,,,,,,,,,,,,,
LOOP2,P2A,GeoProbe,48.2126,7.93,0.21,30.91,0.22,38.68,-0.05,66.21,1089.33,125.96,53.41,-7.34,-51.27,,,,,,,,,,,,,,,,,,,,,,,,,,,,,,,,,,
LOOP2,P2A,GeoProbe,48.2126,9.23,,,,,,,,,,,,,,,,,,,,,,520.4,559.8,0.93,,,,,,,,,,,,,,,,,,,,,
LOOP2,P2A,GeoProbe,48.2126,9.58,0.24,32.4,0.29,0.15,0.06,118.55,101.29,85.97,49.5,-7.87,-52.47,0.26,0.06,71.22,,3.94,7.93,0.09,30.12,0.01,0.24,,,,,,,,,,,,,,,,,,,,,,,,
LOOP2,P2A,GeoProbe,48.2126,10.0,0.89,33.11,0.37,-0.05,-0.05,165.57,2.56,46.49,66.28,-7.66,-53.47,,,,,,,,,,,,,,,,,,,,,,,,,,,,,,,,,,
LOOP2,P2A,GeoProbe,48.2126,14.45,0.13,27.4,0.16,50.03,-0.05,45.4,118.27,,,,,0.27,0.04,99.01,,2.32,9.31,0.08,26.49,0.01,0.31,,,,,,,,,,,,,,,,,,,,,,,,
LOOP2,P2A,GeoProbe,48.2126,14.79,0.26,26.54,0.32,20.21,-0.05,47.49,70.67,44.65,66.79,-8.03,-53.61,0.26,0.08,105.13,,2.77,10.01,0.11,27.66,0.01,0.38,,,,,,,,,,,,,,,,,,,,,,,,
LOOP2,P3,GeoProbe,48.2127,0.49,,,,,,,,,,,,,,,,,,,,,,8.2,256.7,0.03,,,,,,,,,,,,,,,,,,,,,
LOOP2,P3,GeoProbe,48.2127,1.42,,,,,,,,,,,,,,,,,,,,,,3.8,43.2,0.09,,,,,,,,,,,,,,,,,,,,,
LOOP2,P3,GeoProbe,48.2127,1.57,0.06,32.61,-0.05,210.82,-0.05,46.87,113.26,39.5,20.94,-7.33,-48.36,0.38,0.12,76.12,0.05,39.59,8.85,0.03,24.82,0.01,0.27,,,,,,,,,,,,,,,,,,,,,,,,
LOOP2,P3,GeoProbe,48.2127,2.59,0.34,28.87,0.16,0.12,0.09,66.22,147.19,66.36,44.58,-7.75,-53.12,0.32,0.06,76.48,0.0,3.47,8.0,0.53,26.87,0.01,0.27,,,,,,,,,,,,,,,,,,,,,,,,
LOOP2,P3,GeoProbe,48.2127,2.88,,,,,,,,,,,,,,,,,,,,,,33.2,172.1,0.19,,,,,,,,,,,,,,,,,,,,,
LOOP2,P3,GeoProbe,48.2127,2.98,0.28,32.25,0.15,0.09,-0.05,91.27,89.9,52.48,34.54,-8.09,-54.83,0.27,0.1,79.98,0.03,5.9,4.78,0.11,24.16,0.01,0.27,,,,,,,,,,,,,,,,,,,,,,,,
LOOP2,P3,GeoProbe,48.2127,4.11,0.16,33.59,0.12,0.1,0.09,97.61,183.79,50.58,25.99,-8.24,-56.44,0.27,0.05,68.95,,2.91,5.86,0.04,24.9,0.02,0.25,,,,,,,,,,,,,,,,,,,,,,,,
LOOP2,P3,GeoProbe,48.2127,4.25,,,,,,,,,,,,,,,,,,,,,,326.8,491.2,0.67,,,,,,,,,,,,,,,,,,,,,
LOOP2,P3,GeoProbe,48.2127,4.4,0.13,33.81,0.13,0.07,0.11,89.43,35.36,52.64,31.18,-8.15,-56.95,0.26,0.06,67.45,,2.88,5.71,0.04,24.15,0.01,0.26,,,,,,,,,,,,,,,,,,,,,,,,
LOOP2,P3,GeoProbe,48.2127,5.53,,,,,,,,,,,,,,,,,,,,,,552.3,581.1,0.95,,,,,,,,,,,,,,,,,,,,,
LOOP2,P3,GeoProbe,48.2127,5.68,1.62,42.54,-0.05,0.4,0.05,97.16,447.55,117.9,25.5,-8.39,-57.72,0.34,0.08,78.96,,4.45,7.31,0.09,35.24,0.02,0.34,,,,,,,,,,,,,,,,,,,,,,,,
LOOP2,P4,GeoProbe,40.2056,0.35,3.63,389.37,3.31,202.76,0.36,101.11,38109.18,,,,,3.98,0.17,93.55,0.32,22.11,14.12,0.06,284.5,0.02,0.66,,,,,,,,,,,,,,,,,,,,,,,,
LOOP2,P4,GeoProbe,40.2056,1.57,3.88,40.11,0.27,11.73,-0.05,79.38,357.55,,,,,0.81,0.06,38.83,0.53,11.63,5.78,0.03,62.54,0.02,0.38,,,,,,,,,,,,,,,,,,,,,,,,
LOOP2,P4,GeoProbe,40.2056,1.71,,,,,,,,,,,,,,,,,,,,,,0.2,18.9,0.01,,,,,,,,,,,,,,,,,,,,,
LOOP2,P4,GeoProbe,40.2056,2.64,,,,,,,,,,,,,,,,,,,,,,0.3,22.0,0.02,,,,,,,,,,,,,,,,,,,,,
LOOP2,P4,GeoProbe,40.2056,2.99,0.6,22.17,0.31,153.03,-0.05,46.45,532.93,46.72,51.97,-7.48,-50.37,0.34,0.28,112.61,0.0,25.26,11.19,0.09,33.81,0.02,0.53,,,,,,,,,,,,,,,,,,,,,,,,
LOOP2,P4,GeoProbe,40.2056,3.95,,,,,,,,,,,,,,,,,,,,,,4.5,57.9,0.08,,,,,,,,,,,,,,,,,,,,,
LOOP2,P4,GeoProbe,40.2056,5.86,0.8,48.96,0.17,82.12,-0.05,30.67,26.62,42.84,8.32,-8.16,-52.85,0.36,0.04,44.29,0.03,15.06,6.88,0.06,24.8,0.01,0.28,,,,,,,,,,,,,,,,,,,,,,,,
LOOP2,P4,GeoProbe,40.2056,6.25,0.28,52.36,0.2,7.59,-0.05,77.22,229.08,58.12,65.56,-8.26,-52.07,0.34,0.07,109.4,,16.1,13.13,0.39,33.97,0.01,0.64,,,,,,,,,,,,,,,,,,,,,,,,
LOOP2,P4,GeoProbe,40.2056,6.39,,,,,,,,,,,,,,,,,,,,,,4.0,99.4,0.04,,,,,,,,,,,,,,,,,,,,,
LOOP2,P4,GeoProbe,40.2056,7.47,0.28,87.63,0.24,6.55,-0.05,26.41,796.33,44.55,61.98,-8.07,-52.21,0.47,0.08,96.76,,18.24,8.54,0.17,61.07,0.01,0.46,,,,,,,,,,,,,,,,,,,,,,,,
LOOP2,P4,GeoProbe,40.2056,7.81,,,,,,,,,,,,,,,,,,,,,,874.3,1295.6,0.67,,,,,,,,,,,,,,,,,,,,,
LOOP2,P4,GeoProbe,40.2056,8.16,0.14,58.55,0.31,33.14,0.16,27.53,118.61,69.86,19.82,-7.91,-53.61,0.33,0.05,39.31,0.0,14.21,3.91,0.21,47.46,0.01,0.24,,,,,,,,,,,,,,,,,,,,,,,,
LOOP2,P4,GeoProbe,40.2056,8.69,0.39,186.38,0.36,,-0.05,33.4,459.76,66.59,61.21,-7.95,-52.53,0.34,0.08,86.89,,17.76,9.73,0.33,120.27,0.01,0.47,,,,,,,,,,,,,,,,,,,,,,,,
LOOP2,P4,GeoProbe,40.2056,8.83,,,,,,,,,,,,,,,,,,,,,,617.0,1035.2,0.6,,,,,,,,,,,,,,,,,,,,,
LOOP2,P4,GeoProbe,40.2056,9.48,0.21,62.45,0.29,30.85,0.07,32.31,102.16,53.01,19.77,-7.95,-52.99,0.42,0.08,39.9,0.04,13.89,5.84,0.18,44.78,0.01,0.29,,,,,,,,,,,,,,,,,,,,,,,,
LOOP2,P4,GeoProbe,40.2056,10.11,0.29,52.37,0.14,0.5,0.12,25.4,110.49,61.79,60.34,-7.93,-53.24,0.53,0.06,76.32,0.06,22.65,9.16,0.61,46.13,0.05,0.48,,,,,,,,,,,,,,,,,,,,,,,,
LOOP2,P4,GeoProbe,40.2056,10.25,,,,,,,,,,,,,,,,,,,,,,526.6,859.3,0.61,,,,,,,,,,,,,,,,,,,,,
LOOP2,P4,GeoProbe,40.2056,10.7,0.32,82.39,0.27,0.06,-0.05,31.62,524.44,71.13,60.6,-7.73,-52.46,0.44,0.07,84.51,0.21,22.67,11.83,2.12,53.74,0.02,0.53,,,,,,,,,,,,,,,,,,,,,,,,
LOOP2,P4,GeoProbe,40.2056,11.05,0.08,29.06,0.18,0.01,0.17,101.75,103.1,58.78,51.82,-7.87,-53.24,0.06,0.06,105.74,0.04,3.51,10.31,2.16,37.23,0.02,0.29,,,,,,,,,,,,,,,,,,,,,,,,
LOOP2,P4,GeoProbe,40.2056,14.84,,,,,,,,,,,,,,,,,,,,,,128.9,474.1,0.27,,,,,,,,,,,,,,,,,,,,,
LOOP2,P4,GeoProbe,40.2056,14.99,1.24,37.02,0.21,51.19,0.36,53.98,138.87,,,,,0.35,0.12,79.58,0.02,16.98,10.81,0.04,51.19,0.01,0.75,,,,,,,,,,,,,,,,,,,,,,,,
LOOP2,P4,GeoProbe,40.2056,15.13,,,,,,,,,,,,,,,,,,,,,,158.1,463.0,0.34,,,,,,,,,,,,,,,,,,,,,
LOOP2,P4,GeoProbe,40.2056,17.58,,,,,,,,,,,,,,,,,,,,,,159.9,344.9,0.46,,,,,,,,,,,,,,,,,,,,,
LOOP2,P4,GeoProbe,40.2056,17.73,1.98,57.65,0.62,5.19,0.23,100.25,361.86,,,,,0.35,0.11,95.48,0.03,4.52,17.28,0.03,71.07,0.01,0.78,,,,,,,,,,,,,,,,,,,,,,,,
LOOP2,P5,GeoProbe,40.2057,0.44,,,,,,,,,,,,,,,,,,,,,,62.0,113.5,0.55,,,,,,,,,,,,,,,,,,,,,
LOOP2,P5,GeoProbe,40.2057,1.37,0.89,184.52,0.7,0.21,-0.05,77.99,651.13,128.41,51.32,-8.16,-55.36,0.39,0.05,138.74,0.04,3.7,11.84,0.6,78.73,0.02,0.42,,,,,,,,,,,,,,,,,,,,,,,,
LOOP2,P5,GeoProbe,40.2057,1.59,,,,,,,,,,,,,,,,,,,,,,3.4,124.0,0.03,,,,,,,,,,,,,,,,,,,,,
LOOP2,P5,GeoProbe,40.2057,1.9,3.02,75.44,1.57,3.41,0.36,166.62,1255.93,,,,,0.42,0.1,120.57,0.06,4.78,17.44,0.06,72.19,0.02,0.81,,,,,,,,,,,,,,,,,,,,,,,,
LOOP2,P5,GeoProbe,40.2057,2.19,1.6,84.36,-0.05,0.48,0.19,142.04,199.15,,,,,0.39,0.08,91.05,0.2,4.15,12.18,0.1,64.38,0.01,0.65,,,,,,,,,,,,,,,,,,,,,,,,
LOOP2,P5,GeoProbe,40.2057,2.59,0.92,40.25,0.25,0.16,-0.05,155.81,113.3,98.31,36.48,-8.26,-57.09,0.36,0.09,98.72,0.02,2.61,11.93,0.06,38.35,0.01,0.42,,,,,,,,,,,,,,,,,,,,,,,,
LOOP2,P5,GeoProbe,40.2057,2.93,,,,,,,,,,,,,,,,,,,,,,182.2,426.1,0.43,,,,,,,,,,,,,,,,,,,,,
LOOP2,P5,GeoProbe,40.2057,3.28,0.34,47.08,0.37,0.19,-0.05,69.93,169.87,90.4,51.87,-8.34,-57.73,0.34,0.09,100.27,0.01,2.0,10.88,0.05,29.36,0.01,0.33,,,,,,,,,,,,,,,,,,,,,,,,
LOOP2,P5,GeoProbe,40.2057,3.57,0.38,44.8,0.27,4.89,0.05,71.4,172.94,66.11,48.18,-8.2,-57.1,0.34,0.09,95.98,,1.79,11.31,0.2,30.66,0.01,0.37,,,,,,,,,,,,,,,,,,,,,,,,
LOOP2,P5,GeoProbe,40.2057,4.36,,,,,,,,,,,,,,,,,,,,,,34.3,217.1,0.16,,,,,,,,,,,,,,,,,,,,,
LOOP2,P5,GeoProbe,40.2057,4.51,0.63,41.88,0.15,2.12,-0.05,94.2,96.1,103.96,38.23,-8.07,-56.53,0.33,0.07,85.38,,1.7,8.86,0.02,32.55,0.01,0.32,,,,,,,,,,,,,,,,,,,,,,,,
LOOP2,P5,GeoProbe,40.2057,5.58,,,,,,,,,,,,,,,,,,,,,,5.6,178.1,0.03,,,,,,,,,,,,,,,,,,,,,
LOOP2,P5,GeoProbe,40.2057,5.73,0.31,29.64,0.26,0.09,-0.05,96.95,79.71,122.89,35.69,-8.35,-56.87,0.37,0.07,77.24,,1.52,8.13,0.02,26.21,0.0,0.31,,,,,,,,,,,,,,,,,,,,,,,,
LOOP2,P6,GeoProbe,40.2058,0.4,0.5,28.04,0.04,11.59,0.1,100.44,80.53,71.34,6.45,-7.54,-51.08,0.57,0.06,71.71,0.03,1.03,3.75,0.01,16.15,0.0,0.25,,,,,,,,,,,,,,,,,,,,,,,,
LOOP2,P6,GeoProbe,40.2058,2.28,0.34,28.68,-0.05,0.05,0.11,151.36,3680.95,39.19,33.12,-8.57,-58.41,0.4,0.13,106.37,,1.92,6.7,0.05,28.29,0.01,0.36,,,,,,,,,,,,,,,,,,,,,,,,
LOOP2,P6,GeoProbe,40.2058,3.36,0.23,29.02,0.07,0.04,0.07,22.84,3846.51,42.06,45.52,-8.48,-58.1,0.36,0.06,76.83,,1.18,4.49,0.04,21.51,0.0,0.2,18.4,18.1,1.02,,,,,,,,,,,,,,,,,,,,,
LOOP2,P6,GeoProbe,40.2058,3.81,0.25,28.31,0.11,0.09,0.06,106.42,2499.81,47.68,46.48,-8.19,-57.5,0.36,0.13,100.37,,1.66,6.1,0.02,23.8,0.01,0.32,,,,,,,,,,,,,,,,,,,,,,,,
LOOP2,P6,GeoProbe,40.2058,4.15,,,,,,,,,,,,,,,,,,,,,,478.3,502.1,0.95,,,,,,,,,,,,,,,,,,,,,
LOOP2,P6,GeoProbe,40.2058,5.47,,,,,,,,,,,,,,,,,,,,,,632.2,662.0,0.95,,,,,,,,,,,,,,,,,,,,,
LOOP2,P6,GeoProbe,40.2058,5.82,0.17,29.01,0.15,0.16,-0.05,118.48,1707.2,59.58,55.68,-8.02,-55.14,0.35,0.07,119.86,0.02,2.47,12.89,0.13,22.13,0.01,0.36,,,,,,,,,,,,,,,,,,,,,,,,
LOOP2,P6,GeoProbe,40.2058,6.35,0.31,30.06,0.24,0.25,-0.05,115.74,383.68,49.26,51.28,-8.44,-56.99,0.5,0.04,113.81,0.03,2.89,11.19,0.07,28.32,0.01,0.37,,,,,,,,,,,,,,,,,,,,,,,,
LOOP2,P6,GeoProbe,40.2058,6.69,,,,,,,,,,,,,,,,,,,,,,123.1,243.7,0.51,,,,,,,,,,,,,,,,,,,,,
LOOP2,P6,GeoProbe,40.2058,7.04,0.27,29.82,0.16,0.2,0.11,123.92,1906.58,35.46,43.36,-8.3,-56.89,0.35,0.05,102.26,,2.62,10.19,0.03,27.48,0.01,0.33,,,,,,,,,,,,,,,,,,,,,,,,
LOOP2,P6,GeoProbe,40.2058,7.67,0.23,33.61,0.28,0.14,0.08,117.93,203.47,39.47,46.08,-8.3,-56.81,0.35,0.05,105.73,0.13,3.36,10.82,0.04,31.05,0.01,0.36,,,,,,,,,,,,,,,,,,,,,,,,
LOOP2,P6,GeoProbe,40.2058,8.01,,,,,,,,,,,,,,,,,,,,,,341.0,480.8,0.71,,,,,,,,,,,,,,,,,,,,,
LOOP2,P6,GeoProbe,40.2058,8.83,0.5,27.8,0.28,0.07,0.09,108.28,653.19,42.69,41.93,-8.02,-57.2,0.42,0.06,92.9,,3.62,9.18,0.04,29.78,0.01,0.33,,,,,,,,,,,,,,,,,,,,,,,,
LOOP2,P6,GeoProbe,40.2058,9.17,,,,,,,,,,,,,,,,,,,,,,752.8,770.5,0.98,,,,,,,,,,,,,,,,,,,,,
LOOP2,P6,GeoProbe,40.2058,9.76,0.16,53.95,0.31,0.2,-0.05,59.28,3.29,51.17,45.93,-8.41,-57.12,,,,,,,,,,,,,,,,,,,,,,,,,,,,,,,,,,
LOOP2,P7,GeoProbe,40.2059,0.35,0.61,5.65,0.1,12.05,0.09,17.49,82.37,64.91,10.01,-7.75,-54.18,0.89,0.07,15.64,0.94,4.33,2.12,0.29,20.06,0.01,0.13,,,,,,,,,,,,,,,,,,,,,,,,
LOOP2,P7,GeoProbe,40.2059,1.77,0.49,28.04,-0.05,205.89,-0.05,35.36,46.16,,11.65,,,0.1,0.17,73.64,0.01,16.41,10.15,0.04,30.41,0.01,0.39,,,,,,,,,,,,,,,,,,,,,,,,
LOOP2,P7,GeoProbe,40.2059,1.91,,,,,,,,,,,,,,,,,,,,,,0.7,140.4,0.01,,,,,,,,,,,,,,,,,,,,,
LOOP2,P7,GeoProbe,40.2059,2.99,0.19,24.69,-0.05,152.01,-0.05,32.22,59.38,46.74,9.24,-7.52,-50.39,0.11,0.04,57.74,0.01,3.05,12.4,0.29,20.44,0.02,0.33,,,,,,,,,,,,,,,,,,,,,,,,
LOOP2,P7,GeoProbe,40.2059,3.195,,,,,,,,,,,,,,,,,,,,,,0.4,110.5,0.0,,,,,,,,,,,,,,,,,,,,,
LOOP2,P7,GeoProbe,40.2059,4.46,,,,,,,,,,,,,,,,,,,,,,70.6,568.7,0.12,,,,,,,,,,,,,,,,,,,,,
LOOP2,P7,GeoProbe,40.2059,4.61,0.95,24.65,-0.05,68.03,-0.05,45.16,213.33,,47.0,,,0.34,0.06,105.27,0.05,1.58,12.36,0.05,38.16,0.01,0.62,,,,,,,,,,,,,,,,,,,,,,,,
LOOP2,P7,GeoProbe,40.2059,5.58,,,,,,,,,,,,,,,,,,,,,,318.6,692.9,0.46,,,,,,,,,,,,,,,,,,,,,
LOOP2,P7,GeoProbe,40.2059,5.73,0.48,22.94,-0.05,60.42,0.07,35.54,119.35,,59.12,-6.88,-46.97,0.16,0.09,111.88,,1.41,14.05,0.06,30.21,0.01,0.55,,,,,,,,,,,,,,,,,,,,,,,,
LOOP2,P8,GeoProbe,40.206,0.35,1.66,12.14,0.33,41.43,0.26,13.3,204.65,60.89,13.96,-8.44,-60.22,0.42,0.08,34.55,0.4,12.05,3.82,0.05,22.18,0.01,0.21,,,,,,,,,,,,,,,,,,,,,,,,
LOOP2,P8,GeoProbe,40.206,1.37,,,,,,,,,,,,,,,,,,,,,,0.4,72.0,0.01,,,,,,,,,,,,,,,,,,,,,
LOOP2,P8,GeoProbe,40.206,1.47,2.15,29.82,-0.05,93.84,-0.05,55.65,251.46,77.14,,,,0.13,0.07,51.71,0.28,3.58,8.43,0.05,40.88,0.01,0.34,,,,,,,,,,,,,,,,,,,,,,,,
LOOP2,P8,GeoProbe,40.206,2.64,,,,,,,,,,,,,,,,,,,,,,0.2,52.6,0.0,,,,,,,,,,,,,,,,,,,,,
LOOP2,P8,GeoProbe,40.206,2.79,0.99,24.09,-0.05,76.59,-0.05,49.81,189.43,46.55,11.0,-7.16,-47.82,0.08,0.1,44.05,0.02,2.02,12.23,0.08,33.07,0.01,0.39,,,,,,,,,,,,,,,,,,,,,,,,
LOOP2,P8,GeoProbe,40.206,4.21,1.05,47.55,-0.05,77.41,0.27,81.05,,,,,,,,,,,,,,,,,,,,,,,,,,,,,,,,,,,,,,,
LOOP2,P8,GeoProbe,40.206,4.565,,,,,,,,,,,,,,,,,,,,,,5.3,208.2,0.03,,,,,,,,,,,,,,,,,,,,,
LOOP2,P8,GeoProbe,40.206,5.13,0.27,45.71,0.31,0.2,-0.05,28.35,3237.75,68.83,49.88,,,,,,,,,,,,,,,,,,,,,,,,,,,,,,,,,,,,
LOOP2,P8,GeoProbe,40.206,5.43,0.49,32.64,0.23,122.05,0.06,22.22,28.59,73.71,34.66,-7.6,-50.74,,,,,,,,,,,,,,,,,,,,,,,,,,,,,,,,,,
LOOP2,P8,GeoProbe,40.206,5.785,,,,,,,,,,,,,,,,,,,,,,0.3,50.6,0.01,,,,,,,,,,,,,,,,,,,,,
LOOP2,P9,GeoProbe,40.2061,1.67,1.28,43.41,0.25,206.56,-0.05,9.47,481.81,50.68,7.77,-7.75,-52.97,,,,,,,,,,,,,,,,,,,,,,,,,,,,,,,,,,
LOOP2,P9,GeoProbe,40.2061,3.19,0.71,18.57,0.2,6.31,-0.05,12.8,302.27,47.81,9.11,,,0.07,0.06,103.71,0.0,1.25,6.62,0.03,20.85,0.01,0.37,,,,,,,,,,,,,,,,,,,,,,,,
LOOP2,P9,GeoProbe,40.2061,4.02,0.72,22.57,0.36,0.22,0.06,27.98,541.97,47.46,58.34,-7.78,-51.74,0.14,0.26,76.26,0.08,4.72,6.63,0.05,27.21,0.01,0.43,,,,,,,,,,,,,,,,,,,,,,,,
LOOP2,P9,GeoProbe,40.2061,4.31,1.02,72.5,0.39,9.24,0.1,39.42,623.18,49.66,35.76,-7.73,-52.29,0.09,0.03,20.7,0.01,1.36,1.66,0.06,11.95,0.0,0.11,,,,,,,,,,,,,,,,,,,,,,,,
LOOP2,P9,GeoProbe,40.2061,5.43,1.56,26.12,0.38,31.06,0.11,43.8,525.87,75.57,32.3,-7.88,-53.16,0.1,0.06,87.09,3.34,1.66,16.84,0.28,17.68,0.03,0.46,,,,,,,,,,,,,,,,,,,,,,,,
LOOP2,P9,GeoProbe,40.2061,5.57,,,,,,,,,,,,,,,,,,,,,,42.7,151.5,0.28,,,,,,,,,,,,,,,,,,,,,
LOOP2,P9,GeoProbe,40.2061,6.85,1.17,29.07,0.6,0.28,-0.05,181.29,145.0,95.72,30.53,-7.85,-52.97,0.1,0.1,81.46,,2.32,15.0,0.02,36.75,0.01,0.45,,,,,,,,,,,,,,,,,,,,,,,,
LOOP2,P9,GeoProbe,40.2061,7.19,,,,,,,,,,,,,,,,,,,,,,609.9,628.5,0.97,,,,,,,,,,,,,,,,,,,,,
LOOP2,P9,GeoProbe,40.2061,7.47,,,,,,,248.1,37.0,53.87,-7.76,-53.1,0.14,0.06,75.53,0.01,2.24,10.53,0.02,28.79,0.01,0.39,,,,,,,,,,,,,,,,,,,,,,,,
LOOP2,P9,GeoProbe,40.2061,8.46,0.19,32.29,0.16,49.59,-0.05,49.68,395.38,36.91,48.65,-7.98,-53.57,0.1,0.1,107.64,0.12,2.83,13.58,0.11,31.68,0.02,0.53,,,,,,,,,,,,,,,,,,,,,,,,
LOOP2,P9,GeoProbe,40.2061,8.69,0.31,26.94,0.27,11.59,-0.05,83.11,383.22,24.57,38.84,-8.01,-53.54,0.07,0.04,100.93,,2.25,12.82,0.68,25.9,0.01,0.34,,,,,,,,,,,,,,,,,,,,,,,,
LOOP2,P9,GeoProbe,40.2061,8.83,,,,,,,,,,,,,,,,,,,,,,256.0,542.1,0.47,,,,,,,,,,,,,,,,,,,,,
LOOP2,P9,GeoProbe,40.2061,9.68,0.9,32.06,0.38,29.06,-0.05,221.44,86.53,,37.77,,,0.09,0.04,103.17,0.01,1.79,11.04,0.21,26.88,0.01,0.35,,,,,,,,,,,,,,,,,,,,,,,,
LOOP2,P9,GeoProbe,40.2061,10.51,1.36,28.1,0.16,0.31,-0.05,191.55,121.77,,23.31,,,0.07,0.05,84.31,0.0,2.38,10.44,0.29,25.96,0.01,0.32,,,,,,,,,,,,,,,,,,,,,,,,
LOOP2,P9,GeoProbe,40.2061,10.85,,,,,,,,,,,,,,,,,,,,,,438.0,459.1,0.95,,,,,,,,,,,,,,,,,,,,,
LOOP3,P1,GeoProbe,98.2552,3.39,0.93,43.23,0.2,29.66,0.15,78.07,,14.12,,,,,0.1,80.09,,3.52,15.29,0.04,58.56,0.02,0.63,,,,,,,,,,,,,,,,,,,,,,,,
LOOP3,P1,GeoProbe,98.2552,3.6,,,,,,,,,,,,,,,,,,,,,,116.7,215.4,0.54,,,,,,,,,,,,,,,,,,,,,
LOOP3,P1,GeoProbe,98.2552,3.89,5.49,49.37,0.19,1.96,-0.05,106.17,,17.45,,,,,0.1,55.55,,4.56,12.2,0.02,65.86,0.02,0.43,,,,,,,,,,,,,,,,,,,,,,,,
LOOP3,P1,GeoProbe,98.2552,4.0,,,,,,,,,,,,,,,,,,,,,,586.8,588.9,1.0,,,,,,,,,,,,,,,,,,,,,
LOOP3,P1,GeoProbe,98.2552,7.16,3.45,79.14,0.26,1.9,-0.05,193.68,,,,,,,0.08,93.07,,4.12,13.39,0.04,97.81,0.04,0.75,,,,,,,,,,,,,,,,,,,,,,,,
LOOP3,P1,GeoProbe,98.2552,7.3,,,,,,,,,,,,,,,,,,,,,,722.6,716.3,1.01,,,,,,,,,,,,,,,,,,,,,
LOOP3,P1,GeoProbe,98.2552,7.3,,,,,,,,,,,,,,,,,,,,,,189.8,190.5,1.0,,,,,,,,,,,,,,,,,,,,,
LOOP3,P1,GeoProbe,98.2552,7.6,0.23,26.02,0.06,0.11,0.1,77.79,13.31,,96.87,-8.1,-55.05,,0.03,65.11,,1.85,8.07,0.01,19.5,0.01,0.17,,,,,,,,,,,,,,,,,,,,,,,,
LOOP3,P1,GeoProbe,98.2552,8.36,0.12,20.21,0.09,0.11,0.11,519.23,64.04,,54.94,-7.8,-55.02,,0.1,234.72,,4.27,14.88,0.05,21.41,0.01,0.47,,,,,,,,,,,,,,,,,,,,,,,,
LOOP3,P1,GeoProbe,98.2552,8.4,,,,,,,,,,,,,,,,,,,,,,95.9,171.1,0.56,,,,,,,,,,,,,,,,,,,,,
LOOP3,P2,GeoProbe,98.2553,3.01,1.42,25.14,-0.05,39.05,-0.05,81.33,,,,,,,0.08,61.83,,1.93,9.25,0.01,54.55,0.02,0.5,,,,,,,,,,,,,,,,,,,,,,,,
LOOP3,P2,GeoProbe,98.2553,3.63,,,,,,,,,,,,,,,,,,,,,,347.3,341.8,1.02,,,,,,,,,,,,,,,,,,,,,
LOOP3,P2,GeoProbe,98.2553,3.965,,,,,,,,,,,,,,,,,,,,,,345.1,348.2,0.99,,,,,,,,,,,,,,,,,,,,,
LOOP3,P2,GeoProbe,98.2553,4.06,,,,,,,,,,,,,,,,,,,,,,484.9,443.9,1.09,,,,,,,,,,,,,,,,,,,,,
LOOP3,P2,GeoProbe,98.2553,4.66,2.35,27.33,-0.05,0.67,-0.05,151.33,,,,,,0.05,0.07,65.95,,1.61,8.27,0.02,51.75,0.01,0.45,,,,,,,,,,,,,,,,,,,,,,,,
LOOP3,P2,GeoProbe,98.2553,4.79,,,,,,,,,,,,,,,,,,,,,,449.4,447.0,1.01,,,,,,,,,,,,,,,,,,,,,
LOOP3,P2,GeoProbe,98.2553,5.96,1.12,28.34,0.12,0.53,-0.05,183.52,,,,,,,0.08,81.82,,2.48,10.23,0.03,48.82,0.01,0.57,,,,,,,,,,,,,,,,,,,,,,,,
LOOP3,P2,GeoProbe,98.2553,6.05,,,,,,,,,,,,,,,,,,,,,,563.6,530.2,1.06,,,,,,,,,,,,,,,,,,,,,
LOOP3,P2,GeoProbe,98.2553,7.16,2.22,34.21,-0.05,0.9,-0.05,172.09,,,,,,0.0,0.07,72.92,,2.96,11.98,0.02,67.23,0.02,0.7,,,,,,,,,,,,,,,,,,,,,,,,
LOOP3,P2,GeoProbe,98.2553,7.26,,,,,,,,,,,,,,,,,,,,,,550.7,579.2,0.95,,,,,,,,,,,,,,,,,,,,,
LOOP3,P2,GeoProbe,98.2553,8.36,,,,,,,,,,,,,0.09,72.09,,4.95,14.38,0.03,62.85,0.02,1.02,,,,,,,,,,,,,,,,,,,,,,,,
LOOP3,P2,GeoProbe,98.2553,8.47,,,,,,,,,,,,,,,,,,,,,,801.6,824.4,0.97,,,,,,,,,,,,,,,,,,,,,
LOOP3,P2,GeoProbe,98.2553,9.56,2.34,35.05,-0.05,1.72,-0.05,146.63,,,,,,,0.07,57.91,,5.08,14.22,0.02,84.02,0.03,0.94,,,,,,,,,,,,,,,,,,,,,,,,
LOOP3,P2,GeoProbe,98.2553,9.68,,,,,,,,,,,,,,,,,,,,,,713.7,739.9,0.96,,,,,,,,,,,,,,,,,,,,,
LOOP3,P2,GeoProbe,98.2553,10.86,2.07,51.51,-0.05,2.08,-0.05,161.39,,,,,,,,,,,,,,,,,,,,,,,,,,,,,,,,,,,,,,,
LOOP3,P2,GeoProbe,98.2553,10.94,,,,,,,,,,,,,,,,,,,,,,817.0,824.4,0.99,,,,,,,,,,,,,,,,,,,,,
LOOP3,P2,GeoProbe,98.2553,11.86,6.04,43.95,0.28,2.33,-0.05,131.47,,,,,,,,,,,,,,,,,,,,,,,,,,,,,,,,,,,,,,,
LOOP3,P2,GeoProbe,98.2553,11.95,,,,,,,,,,,,,,,,,,,,,,755.0,743.9,1.02,,,,,,,,,,,,,,,,,,,,,
LOOP3,P3,GeoProbe,98.2554,2.4,,,,,,,,,,,,,,,,,,,,,,4.0,140.5,0.03,,,,,,,,,,,,,,,,,,,,,
LOOP3,P3,GeoProbe,98.2554,2.61,0.94,18.64,-0.05,30.66,-0.05,33.25,211.7,,,,,,0.06,60.09,,0.93,6.21,0.03,27.24,0.01,0.26,,,,,,,,,,,,,,,,,,,,,,,,
LOOP3,P3,GeoProbe,98.2554,3.46,6.02,33.7,-0.05,51.92,-0.05,74.69,,,,,,,,,,,,,,,,,,,,,,,,,,,,,,,,,,,,,,,
LOOP3,P3,GeoProbe,98.2554,3.6,,,,,,,,,,,,,,,,,,,,,,38.6,268.0,0.14,,,,,,,,,,,,,,,,,,,,,
LOOP3,P3,GeoProbe,98.2554,4.55,3.49,40.86,-0.05,28.32,-0.05,540.84,,,,,,,,,,,,,,,,,,,,,,,,,,,,,,,,,,,,,,,
LOOP3,P3,GeoProbe,98.2554,4.8,,,,,,,,,,,,,,,,,,,,,,840.5,815.4,1.03,,,,,,,,,,,,,,,,,,,,,
LOOP3,P3,GeoProbe,98.2554,5.96,3.35,34.66,-0.05,1.52,-0.05,189.48,,,,,,,,,,,,,,,,,,,,,,,,,,,,,,,,,,,,,,,
LOOP3,P3,GeoProbe,98.2554,6.1,,,,,,,,,,,,,,,,,,,,,,699.4,667.1,1.05,,,,,,,,,,,,,,,,,,,,,
LOOP3,P3.A,GeoProbe,98.259,2.4,2.58,20.78,-0.05,37.81,-0.05,34.28,321.85,,,,,,0.09,69.48,,2.36,15.8,0.01,42.53,0.01,0.34,,,,,,,,,,,,,,,,,,,,,,,,
LOOP3,P3.A,GeoProbe,98.259,3.56,2.34,34.31,-0.05,30.4,-0.05,70.01,,,,,,,0.05,54.32,,1.47,4.04,0.01,53.89,0.02,0.29,,,,,,,,,,,,,,,,,,,,,,,,
LOOP3,P3.A,GeoProbe,98.259,4.6,3.67,29.84,-0.05,29.02,-0.05,73.23,,,,,,,0.08,61.41,,2.29,7.57,0.0,61.01,0.01,0.52,,,,,,,,,,,,,,,,,,,,,,,,
LOOP3,P3.A,GeoProbe,98.259,4.8,,,,,,,,,,,,,,,,,,,,,,1.0,98.4,0.01,,,,,,,,,,,,,,,,,,,,,
LOOP3,P3.A,GeoProbe,98.259,5.96,1.46,21.9,0.14,45.62,-0.05,29.01,66.3,,25.69,,,,0.04,48.43,,2.37,4.16,0.01,22.64,0.01,0.27,,,,,,,,,,,,,,,,,,,,,,,,
LOOP3,P3.A,GeoProbe,98.259,6.1,,,,,,,,,,,,,,,,,,,,,,5.4,167.4,0.03,,,,,,,,,,,,,,,,,,,,,
LOOP3,P3.A,GeoProbe,98.259,7.16,0.41,16.45,0.12,37.84,0.16,23.02,31.04,48.81,34.87,-7.8,-53.17,0.01,0.03,48.05,,1.79,4.08,0.01,17.0,0.0,0.18,,,,,,,,,,,,,,,,,,,,,,,,
LOOP3,P3.A,GeoProbe,98.259,7.3,,,,,,,,,,,,,,,,,,,,,,246.7,267.9,0.92,,,,,,,,,,,,,,,,,,,,,
LOOP3,P3.A,GeoProbe,98.259,8.5,,,,,,,,,,,,,,,,,,,,,,551.0,676.4,0.81,,,,,,,,,,,,,,,,,,,,,
LOOP3,P3.A,GeoProbe,98.259,9.7,,,,,,,,,,,,,,,,,,,,,,23.8,83.1,0.29,,,,,,,,,,,,,,,,,,,,,
LOOP3,P3.A,GeoProbe,98.259,10.9,,,,,,,,,,,,,,,,,,,,,,8.5,70.5,0.12,,,,,,,,,,,,,,,,,,,,,
LOOP3,P3.A,GeoProbe,98.259,12.0,,,,,,,,,,,,,,,,,,,,,,9.8,265.7,0.04,,,,,,,,,,,,,,,,,,,,,
LOOP3,P3.A,GeoProbe,98.259,13.26,0.82,31.95,-0.05,22.4,-0.05,47.74,131.03,,,,,,0.04,50.25,,2.71,5.63,0.01,36.7,0.01,0.33,,,,,,,,,,,,,,,,,,,,,,,,
LOOP3,P3.A,GeoProbe,98.259,13.4,,,,,,,,,,,,,,,,,,,,,,33.9,99.1,0.34,,,,,,,,,,,,,,,,,,,,,
LOOP3,P3.A,GeoProbe,98.259,14.6,,,,,,,,,,,,,,,,,,,,,,28.0,97.6,0.29,,,,,,,,,,,,,,,,,,,,,
LOOP3,P3.A,GeoProbe,98.259,15.66,0.94,22.71,0.09,20.15,-0.05,33.66,52.69,35.88,30.91,-7.83,-55.15,0.01,0.06,47.58,,3.09,5.95,0.0,26.28,0.01,0.21,,,,,,,,,,,,,,,,,,,,,,,,
LOOP3,P3.A,GeoProbe,98.259,15.8,,,,,,,,,,,,,,,,,,,,,,5.5,49.6,0.11,,,,,,,,,,,,,,,,,,,,,
LOOP3,P3.A,GeoProbe,98.259,17.4,,,,,,,,,,,,,,,,,,,,,,0.4,49.3,0.01,,,,,,,,,,,,,,,,,,,,,
LOOP3,P3.A,GeoProbe,98.259,18.3,,,,,,,,,,,,,,,,,,,,,,13.3,40.6,0.33,,,,,,,,,,,,,,,,,,,,,
LOOP3,P4,GeoProbe,98.2555,2.14,4.14,26.24,-0.05,13.92,-0.05,42.43,,,,,,,0.05,18.91,,3.91,3.87,0.06,38.09,0.02,0.16,,,,,,,,,,,,,,,,,,,,,,,,
LOOP3,P4,GeoProbe,98.2555,2.37,4.57,29.11,-0.05,1.1,0.17,42.92,443.51,,61.22,,,0.05,0.06,77.61,,3.96,6.25,0.14,43.38,0.03,0.38,,,,,,,,,,,,,,,,,,,,,,,,
LOOP3,P4,GeoProbe,98.2555,2.4,,,,,,,,,,,,,,,,,,,,,,3.6,111.0,0.03,,,,,,,,,,,,,,,,,,,,,
LOOP3,P4,GeoProbe,98.2555,3.0,,,,,,,,,,,,,,,,,,,,,,1182.2,1000.3,1.18,,,,,,,,,,,,,,,,,,,,,
LOOP3,P4,GeoProbe,98.2555,3.32,9.55,46.19,0.15,8.96,0.13,33.75,931.17,,64.99,,,0.04,0.05,72.62,,7.44,5.79,0.26,47.66,0.05,0.36,,,,,,,,,,,,,,,,,,,,,,,,
LOOP3,P4,GeoProbe,98.2555,4.15,0.74,15.31,-0.05,26.39,-0.05,22.42,54.42,31.8,31.86,-8.51,-57.53,0.07,0.28,44.58,,1.49,3.81,0.11,17.83,0.01,0.26,,,,,,,,,,,,,,,,,,,,,,,,
LOOP3,P4,GeoProbe,98.2555,4.5,,,,,,,,,,,,,,,,,,,,,,158.2,173.2,0.91,,,,,,,,,,,,,,,,,,,,,
LOOP3,P4,GeoProbe,98.2555,4.6,0.79,16.96,0.09,37.72,-0.05,21.67,8.79,,43.76,,,0.03,0.04,48.0,,2.32,3.92,0.02,20.27,0.01,0.19,,,,,,,,,,,,,,,,,,,,,,,,
LOOP3,P4,GeoProbe,98.2555,5.11,1.18,16.59,0.11,0.33,0.1,53.27,132.52,,,,,0.03,0.03,42.87,,3.13,3.54,0.03,21.57,0.02,0.15,,,,,,,,,,,,,,,,,,,,,,,,
LOOP3,P4,GeoProbe,98.2555,5.7,0.6,20.03,0.1,0.08,-0.05,39.11,9.34,,,,,0.02,0.04,44.33,,3.0,4.63,0.03,24.53,0.09,0.19,,,,,,,,,,,,,,,,,,,,,,,,
LOOP3,P4,GeoProbe,98.2555,6.0,,,,,,,,,,,,,,,,,,,,,,519.0,499.2,1.04,,,,,,,,,,,,,,,,,,,,,
LOOP3,P4,GeoProbe,98.2555,7.08,1.62,33.56,0.18,0.76,-0.05,145.42,,,,,,0.1,0.08,74.75,,5.46,8.07,0.03,50.87,0.03,0.55,,,,,,,,,,,,,,,,,,,,,,,,
LOOP3,P4,GeoProbe,98.2555,7.2,,,,,,,,,,,,,,,,,,,,,,662.2,641.5,1.03,,,,,,,,,,,,,,,,,,,,,
LOOP3,P5,GeoProbe,98.2556,3.53,0.68,54.69,0.06,58.48,0.15,19.7,218.52,16.97,22.01,-8.41,-55.73,0.03,0.04,44.84,,17.58,5.47,0.01,32.36,0.01,0.16,,,,,,,,,,,,,,,,,,,,,,,,
LOOP3,P5,GeoProbe,98.2556,4.52,0.37,34.43,0.11,90.42,-0.05,24.76,68.56,,13.22,-8.28,-55.26,0.04,0.07,46.26,,17.51,5.97,0.06,20.97,0.01,0.22,,,,,,,,,,,,,,,,,,,,,,,,
LOOP3,P5,GeoProbe,98.2556,4.6,,,,,,,,,,,,,,,,,,,,,,82.2,657.3,0.13,,,,,,,,,,,,,,,,,,,,,
LOOP3,P5,GeoProbe,98.2556,5.58,0.31,35.41,0.13,88.52,-0.05,31.4,20.99,64.66,18.12,-8.33,-55.38,0.03,0.04,51.91,,14.68,6.32,0.15,26.94,0.01,0.2,,,,,,,,,,,,,,,,,,,,,,,,
LOOP3,P5,GeoProbe,98.2556,5.7,,,,,,,,,,,,,,,,,,,,,,3.2,94.0,0.03,,,,,,,,,,,,,,,,,,,,,
LOOP3,P5,GeoProbe,98.2556,5.96,0.32,37.2,0.09,110.99,-0.05,35.38,20.5,99.64,27.82,-8.43,-59.0,0.02,0.06,67.48,,17.14,8.27,0.56,25.13,0.01,0.25,,,,,,,,,,,,,,,,,,,,,,,,
LOOP3,P5,GeoProbe,98.2556,6.44,0.2,27.25,0.15,133.06,-0.05,19.79,44.0,36.76,16.51,-8.54,-57.45,0.03,0.04,54.88,,19.2,7.03,0.08,18.49,0.05,0.21,,,,,,,,,,,,,,,,,,,,,,,,
LOOP3,P5,GeoProbe,98.2556,6.7,,,,,,,,,,,,,,,,,,,,,,2.9,212.0,0.01,,,,,,,,,,,,,,,,,,,,,
LOOP3,P5,GeoProbe,98.2556,6.79,0.16,25.63,0.15,32.66,-0.05,50.39,19.45,32.53,41.03,,,0.05,0.03,50.57,,13.17,6.53,0.01,26.62,0.01,0.18,,,,,,,,,,,,,,,,,,,,,,,,
LOOP3,P5,GeoProbe,98.2556,7.2,0.46,26.52,0.09,0.14,-0.05,69.7,150.69,,28.94,,,0.02,0.05,48.4,,4.48,4.46,0.04,25.15,0.01,0.18,,,,,,,,,,,,,,,,,,,,,,,,
LOOP3,P5,GeoProbe,98.2556,7.3,,,,,,,,,,,,,,,,,,,,,,1145.7,1127.1,1.02,,,,,,,,,,,,,,,,,,,,,
LOOP3,P5,GeoProbe,98.2556,7.34,0.35,46.96,0.11,2.28,-0.05,66.62,124.14,37.95,29.82,-8.4,-57.92,0.02,0.05,54.38,,2.99,5.37,0.35,25.18,0.01,0.23,,,,,,,,,,,,,,,,,,,,,,,,
LOOP3,P5,GeoProbe,98.2556,8.1,,,,,,,,,,,,,,,,,,,,,,746.8,807.3,0.92,,,,,,,,,,,,,,,,,,,,,
LOOP3,P5,GeoProbe,98.2556,8.36,1.16,54.66,0.12,0.22,-0.05,145.7,116.37,,,,,0.02,0.1,89.1,,3.29,6.97,0.1,37.14,0.01,0.34,,,,,,,,,,,,,,,,,,,,,,,,
LOOP3,P5,GeoProbe,98.2556,8.59,0.72,49.85,0.29,0.24,0.22,100.86,274.02,32.62,33.74,-8.57,-58.69,0.02,0.05,65.36,,10.4,7.0,1.31,31.55,0.06,0.25,,,,,,,,,,,,,,,,,,,,,,,,
LOOP3,P5,GeoProbe,98.2556,9.62,0.56,29.06,0.07,0.29,-0.05,115.1,201.18,,29.99,,,0.02,0.07,69.09,,5.18,6.48,0.07,25.52,0.01,0.26,,,,,,,,,,,,,,,,,,,,,,,,
LOOP3,P5,GeoProbe,98.2556,9.7,,,,,,,,,,,,,,,,,,,,,,630.3,697.9,0.9,,,,,,,,,,,,,,,,,,,,,
LOOP3,P5,GeoProbe,98.2556,10.01,1.02,21.79,0.07,0.76,-0.05,78.27,138.03,62.54,23.57,-8.12,-54.9,0.02,0.07,55.86,,3.01,4.95,0.14,21.48,0.03,0.22,,,,,,,,,,,,,,,,,,,,,,,,
LOOP3,P5,GeoProbe,98.2556,10.84,1.49,22.0,-0.05,0.25,-0.05,150.14,68.73,,,,,0.03,0.08,78.17,,2.72,7.52,0.14,32.14,0.05,0.39,,,,,,,,,,,,,,,,,,,,,,,,
LOOP3,P5,GeoProbe,98.2556,10.9,,,,,,,,,,,,,,,,,,,,,,1000.6,1004.1,1.0,,,,,,,,,,,,,,,,,,,,,
LOOP3,P6,GeoProbe,98.2557,2.14,1.02,30.34,0.11,0.12,-0.05,53.17,45.0,26.2,32.73,-8.39,-57.73,0.0,0.05,45.35,,1.93,8.11,0.03,29.32,0.01,0.25,,,,,,,,,,,,,,,,,,,,,,,,
LOOP3,P6,GeoProbe,98.2557,2.4,,,,,,,,,,,,,,,,,,,,,,242.2,319.7,0.76,,,,,,,,,,,,,,,,,,,,,
LOOP3,P6,GeoProbe,98.2557,2.7,,,,,,,,,,,,,,,,,,,,,,95.9,104.7,0.92,,,,,,,,,,,,,,,,,,,,,
LOOP3,P6,GeoProbe,98.2557,2.83,0.22,25.13,0.13,0.07,0.07,48.72,7.7,16.95,51.58,-8.48,-57.21,0.0,0.04,39.88,,1.76,7.2,0.01,26.3,0.0,0.21,,,,,,,,,,,,,,,,,,,,,,,,
LOOP3,P6,GeoProbe,98.2557,3.28,0.19,25.61,0.07,0.01,-0.05,47.86,20.86,28.94,47.62,-8.62,-57.95,0.0,0.06,45.77,,2.0,6.45,0.03,25.45,0.06,0.23,,,,,,,,,,,,,,,,,,,,,,,,
LOOP3,P6,GeoProbe,98.2557,3.6,,,,,,,,,,,,,,,,,,,,,,167.5,148.1,1.13,,,,,,,,,,,,,,,,,,,,,
LOOP3,P6,GeoProbe,98.2557,4.03,0.27,23.69,0.15,0.01,-0.05,45.65,43.41,27.16,47.15,-8.38,-57.77,0.03,0.05,39.81,,2.17,6.07,0.03,24.79,0.0,0.21,,,,,,,,,,,,,,,,,,,,,,,,
LOOP3,P6,GeoProbe,98.2557,4.3,,,,,,,,,,,,,,,,,,,,,,266.5,247.9,1.08,,,,,,,,,,,,,,,,,,,,,
LOOP3,P6,GeoProbe,98.2557,4.48,0.32,20.08,-0.05,0.01,-0.05,45.08,40.6,38.24,43.02,-8.43,-57.74,0.04,0.05,39.45,,2.03,5.23,0.02,23.64,0.0,0.21,,,,,,,,,,,,,,,,,,,,,,,,
LOOP3,P6,GeoProbe,98.2557,5.27,0.28,20.43,0.1,0.01,-0.05,47.15,59.67,37.24,43.23,-8.42,-57.42,0.02,0.06,37.0,,2.59,5.53,0.02,24.15,0.0,0.21,,,,,,,,,,,,,,,,,,,,,,,,
LOOP3,P6,GeoProbe,98.2557,5.96,0.33,22.21,0.09,0.01,-0.05,48.16,69.26,,42.68,,,0.03,0.07,47.7,,2.97,6.32,0.04,26.69,0.0,0.26,,,,,,,,,,,,,,,,,,,,,,,,
LOOP3,P6,GeoProbe,98.2557,6.1,,,,,,,,,,,,,,,,,,,,,,104.2,116.8,0.89,,,,,,,,,,,,,,,,,,,,,
LOOP3,P8,GeoProbe,98.2558,2.3,0.25,11.85,-0.05,213.52,-0.05,24.12,80.84,,18.8,,,0.0,0.11,88.56,,6.43,4.65,0.06,18.4,0.0,0.39,,,,,,,,,,,,,,,,,,,,,,,,
LOOP3,P8,GeoProbe,98.2558,2.39,,,,,,,,,,,,,,,,,,,,,,2.0,120.2,0.02,,,,,,,,,,,,,,,,,,,,,
LOOP3,P8,GeoProbe,98.2558,3.56,0.32,13.86,0.17,148.55,-0.05,27.8,68.68,51.96,18.1,-7.5,-48.91,0.01,0.07,65.09,,0.98,6.83,0.09,15.54,0.0,0.26,,,,,,,,,,,,,,,,,,,,,,,,
LOOP3,P8,GeoProbe,98.2558,3.63,,,,,,,,,,,,,,,,,,,,,,3.3,98.8,0.03,,,,,,,,,,,,,,,,,,,,,
LOOP3,P8,GeoProbe,98.2558,4.62,0.37,15.88,-0.05,104.94,-0.05,34.37,24.63,,13.52,,,0.0,0.1,48.85,,0.69,9.35,0.16,14.49,0.01,0.27,,,,,,,,,,,,,,,,,,,,,,,,
LOOP3,P8,GeoProbe,98.2558,4.84,,,,,,,,,,,,,,,,,,,,,,1.3,23.7,0.05,,,,,,,,,,,,,,,,,,,,,
LOOP3,P8,GeoProbe,98.2558,5.96,0.61,14.6,-0.05,56.13,-0.05,37.34,66.11,,18.62,,,0.01,0.1,38.22,,1.02,11.19,0.1,20.19,0.0,0.28,,,,,,,,,,,,,,,,,,,,,,,,
LOOP3,P8,GeoProbe,98.2558,6.05,,,,,,,,,,,,,,,,,,,,,,0.1,26.4,0.0,,,,,,,,,,,,,,,,,,,,,
LOOP3,P8,GeoProbe,98.2558,7.04,0.28,14.63,0.15,46.75,-0.05,19.48,262.57,37.1,28.32,-8.01,-53.23,0.01,0.06,42.42,,5.41,3.2,0.12,12.38,0.0,0.17,,,,,,,,,,,,,,,,,,,,,,,,
LOOP3,P8,GeoProbe,98.2558,7.28,,,,,,,,,,,,,,,,,,,,,,17.7,145.5,0.12,,,,,,,,,,,,,,,,,,,,,
LOOP3,P8,GeoProbe,98.2558,8.17,0.6,14.53,0.11,6.18,-0.05,15.56,30.81,41.56,50.49,-8.27,-55.91,0.0,0.04,49.51,,5.09,3.73,0.04,12.01,0.0,0.17,,,,,,,,,,,,,,,,,,,,,,,,
LOOP3,P8,GeoProbe,98.2558,8.5,,,,,,,,,,,,,,,,,,,,,,0.9,41.8,0.02,,,,,,,,,,,,,,,,,,,,,
LOOP3,P8,GeoProbe,98.2558,9.06,1.89,16.69,0.07,10.79,-0.05,18.94,162.75,30.5,39.94,-8.19,-54.65,0.0,0.04,41.41,,4.48,3.58,0.01,15.3,0.01,0.16,,,,,,,,,,,,,,,,,,,,,,,,
LOOP3,P8,GeoProbe,98.2558,9.39,0.21,14.43,0.08,7.79,-0.05,20.2,25.86,12.37,38.27,-8.14,-53.56,0.01,0.04,39.65,,3.05,3.37,0.01,13.47,0.0,0.16,,,,,,,,,,,,,,,,,,,,,,,,
LOOP3,P8,GeoProbe,98.2558,9.72,,,,,,,,,,,,,,,,,,,,,,24.0,155.4,0.15,,,,,,,,,,,,,,,,,,,,,
LOOP3,P8,GeoProbe,98.2558,10.27,0.17,15.78,0.1,7.4,-0.05,26.21,49.13,26.44,37.04,-7.99,-52.99,0.0,0.02,44.35,,1.08,3.49,0.01,11.65,0.0,0.16,,,,,,,,,,,,,,,,,,,,,,,,
LOOP3,P8,GeoProbe,98.2558,10.61,0.39,16.19,0.07,0.19,-0.05,43.35,58.13,35.3,39.73,-8.0,-53.84,0.01,0.04,53.24,,2.16,3.53,0.02,13.75,0.01,0.17,,,,,,,,,,,,,,,,,,,,,,,,
LOOP3,P8,GeoProbe,98.2558,10.94,,,,,,,,,,,,,,,,,,,,,,0.1,47.1,0.0,,,,,,,,,,,,,,,,,,,,,
LOOP3,P8,GeoProbe,98.2558,11.62,0.36,16.95,0.1,0.05,-0.05,50.91,85.35,32.96,52.06,-8.0,-53.43,0.0,0.04,51.76,,1.34,6.52,0.02,13.94,0.0,0.22,,,,,,,,,,,,,,,,,,,,,,,,
LOOP3,P8,GeoProbe,98.2558,11.71,,,,,,,,,,,,,,,,,,,,,,699.8,727.5,0.96,,,,,,,,,,,,,,,,,,,,,
LOOP3,P8,GeoProbe,98.2558,12.06,0.34,20.82,0.13,0.01,-0.05,66.93,66.48,39.41,48.99,-8.05,-54.35,0.0,0.07,69.76,,1.22,5.77,0.12,16.99,0.0,0.31,,,,,,,,,,,,,,,,,,,,,,,,
LOOP4,GeoW-2,GeoProbe,165.741,2.25,,25.71,0.51,26.15,261.5,39.09,216.47,,46.4,,,,,,,,,,,,,,,,,,,,,,,,,,,,,,,,,,,,
LOOP4,GeoW-2,GeoProbe,165.741,2.34,,,,,,,,,,,,,,,,,,,,,,-0.1,-3.7,0.02,,,,,,,,,,,,,,,,,,,,,
LOOP4,GeoW-2,GeoProbe,165.741,3.465,,,,,,,,,,,,0.09,0.27,101.49,0.0,1.29,4.34,0.04,23.11,0.01,0.26,,,,,,,,,,,,,,,,,,,,,,,,
LOOP4,GeoW-2,GeoProbe,165.741,3.47,0.69,21.32,0.32,8.98,89.82,22.45,70.48,57.85,58.82,,,,,,,,,,,,,,,,,,,,,,,,,,,,,,,,,,,,
LOOP4,GeoW-2,GeoProbe,165.741,3.56,,,,,,,,,,,,,,,,,,,,,,11.3,210.4,0.05,,,,,,,,,,,,,,,,,,,,,
LOOP4,GeoW-2,GeoProbe,165.741,4.69,3.34,27.3,0.96,29.32,293.2,79.46,157.15,,,,,,,,,,,,,,,,,,,,,,,,,,,,,,,,,,,,,,
LOOP4,GeoW-2,GeoProbe,165.741,4.78,,,,,,,,,,,,,,,,,,,,,,2.1,207.5,0.01,,,,,,,,,,,,,,,,,,,,,
LOOP4,GeoW-2,GeoProbe,165.741,5.91,2.24,20.12,0.94,1.56,15.6,431.46,223.48,,35.0,,,,,,,,,,,,,,,,,,,,,,,,,,,,,,,,,,,,
LOOP4,GeoW-2,GeoProbe,165.741,6.0,,34.15,0.54,1.12,11.2,549.61,149.04,,,,,,,,,,,,,,,,,,,,,,,,,,,,,,,,,,,,,,
LOOP4,IS-1,GeoProbe,165.744,2.21,4.03,19.62,0.26,9.03,90.3,73.91,254.36,,,,,,,,,,,,,,,,,,,,,,,,,,,,,,,,,,,,,,
LOOP4,IS-1,GeoProbe,165.744,2.3,,,,,,,,,,,,,,,,,,,,,,5.6,213.4,0.03,,,,,,,,,,,,,,,,,,,,,
LOOP4,IS-1,GeoProbe,165.744,3.47,1.35,25.1,0.17,24.77,247.7,78.3,176.05,,,,,,,,,,,,,,,,,,,,,,,,,,,,,,,,,,,,,,
LOOP4,IS-1,GeoProbe,165.744,3.56,,,,,,,,,,,,,,,,,,,,,,0.1,22.1,0.0,,,,,,,,,,,,,,,,,,,,,
LOOP4,IS-1,GeoProbe,165.744,3.885,,,,,,,,,,,,0.08,0.06,64.53,,2.07,3.59,0.13,23.31,0.01,0.25,,,,,,,,,,,,,,,,,,,,,,,,
LOOP4,IS-1,GeoProbe,165.744,3.89,1.15,13.7,1.28,0.87,8.74,35.23,27.1,139.94,28.66,,,,,,,,,,,,,,,,,,,,,,,,,,,,,,,,,,,,
LOOP4,IS-1,GeoProbe,165.744,3.98,,,,,,,,,,,,,,,,,,,,,,0.1,11.3,0.0,,,,,,,,,,,,,,,,,,,,,
LOOP4,IS-1,GeoProbe,165.744,4.78,,,,,,,,,,,,,,,,,,,,,,0.1,19.4,0.01,,,,,,,,,,,,,,,,,,,,,
LOOP4,IS-1,GeoProbe,165.744,5.91,,50.14,0.54,12.24,122.4,98.48,534.16,,,,,,,,,,,,,,,,,,,,,,,,,,,,,,,,,,,,,,
LOOP4,IS-1,GeoProbe,165.744,6.0,,,,,,,,,,,,,,,,,,,,,,0.1,9.6,0.01,,,,,,,,,,,,,,,,,,,,,
LOOP4,IS-2,GeoProbe,165.745,3.47,3.78,25.5,0.28,56.62,566.2,91.04,419.37,,,,,,,,,,,,,,,,,,,,,,,,,,,,,,,,,,,,,,
LOOP4,IS-2,GeoProbe,165.745,3.56,,,,,,,,,,,,,,,,,,,,,,30.9,214.2,0.14,,,,,,,,,,,,,,,,,,,,,
LOOP4,IS-2,GeoProbe,165.745,5.91,4.14,42.94,0.22,3.0,30.0,421.64,377.86,,,,,,,,,,,,,,,,,,,,,,,,,,,,,,,,,,,,,,
LOOP4,IS-2,GeoProbe,165.745,6.0,,,,,,,,,,,,,,,,,,,,,,391.6,457.3,0.86,,,,,,,,,,,,,,,,,,,,,
LOOP4,IS-2,GeoProbe,165.745,6.905,,,,,,,,,,,,0.1,0.08,65.76,,4.63,5.56,0.04,44.73,0.01,0.21,,,,,,,,,,,,,,,,,,,,,,,,
LOOP4,IS-2,GeoProbe,165.745,6.91,1.65,29.98,0.27,1.87,18.72,114.14,,,,,,,,,,,,,,,,,,,,,,,,,,,,,,,,,,,,,,,
LOOP4,IS-2,GeoProbe,165.745,7.0,,,,,,,,,,,,,,,,,,,,,,0.0,12.8,0.0,,,,,,,,,,,,,,,,,,,,,
LOOP4,IS-2,GeoProbe,165.745,8.145,,,,,,,,,,,,1.39,0.12,68.13,1.57,4.64,6.03,0.08,31.21,0.01,0.16,,,,,,,,,,,,,,,,,,,,,,,,
LOOP4,IS-2,GeoProbe,165.745,8.15,4.0,48.26,0.48,3.72,37.2,199.26,84.18,,35.37,,,,,,,,,,,,,,,,,,,,,,,,,,,,,,,,,,,,
LOOP4,IS-2,GeoProbe,165.745,8.24,,,,,,,,,,,,,,,,,,,,,,0.2,53.0,0.0,,,,,,,,,,,,,,,,,,,,,
LOOP4,MS-1,GeoProbe,165.746,1.025,,,,,,,,,,,,0.14,0.08,37.16,,8.48,4.36,0.04,39.71,0.01,0.26,,,,,,,,,,,,,,,,,,,,,,,,
LOOP4,MS-1,GeoProbe,165.746,1.03,1.8,8.94,0.16,2.09,20.9,52.88,139.83,,26.93,,,,,,,,,,,,,,,,,,,,,,,,,,,,,,,,,,,,
LOOP4,MS-1,GeoProbe,165.746,1.12,,,,,,,,,,,,,,,,,,,,,,5.4,283.3,0.02,,,,,,,,,,,,,,,,,,,,,
LOOP4,MS-1,GeoProbe,165.746,2.225,,,,,,,,,,,,,,,,,,,,,,68.3,182.3,0.37,,,,,,,,,,,,,,,,,,,,,
LOOP4,MS-1,GeoProbe,165.746,2.275,,,,,,,,,,,,,,,,,,,,,,17.4,90.8,0.19,,,,,,,,,,,,,,,,,,,,,
LOOP4,MS-1,GeoProbe,165.746,2.345,,,,,,,,,,,,0.22,0.11,70.75,,13.91,5.59,0.03,22.12,0.01,0.26,,,,,,,,,,,,,,,,,,,,,,,,
LOOP4,MS-1,GeoProbe,165.746,2.35,0.39,18.9,0.28,41.88,418.77,41.8,57.12,39.43,36.36,,,,,,,,,,,,,,,,,,,,,,,,,,,,,,,,,,,,
LOOP4,MS-1,GeoProbe,165.746,3.47,1.7,19.22,0.32,1.5,15.0,48.3,,,,,,,,,,,,,,,,,,,,,,,,,,,,,,,,,,,,,,,
LOOP4,MS-1,GeoProbe,165.746,3.56,,,,,,,,,,,,,,,,,,,,,,49.1,358.3,0.14,,,,,,,,,,,,,,,,,,,,,
LOOP4,MS-1,GeoProbe,165.746,4.685,,,,,,,,,,,,0.11,0.13,108.8,,24.0,7.06,0.15,15.71,0.02,0.23,,,,,,,,,,,,,,,,,,,,,,,,
LOOP4,MS-1,GeoProbe,165.746,4.69,0.32,21.01,0.36,10.28,102.81,30.09,,35.72,74.3,,,,,,,,,,,,,,,,,,,,,,,,,,,,,,,,,,,,
LOOP4,MS-1,GeoProbe,165.746,4.78,,,,,,,,,,,,,,,,,,,,,,273.4,594.1,0.46,,,,,,,,,,,,,,,,,,,,,
LOOP4,MS-1,GeoProbe,165.746,5.905,,,,,,,,,,,,0.12,0.15,112.96,,18.75,7.64,0.25,20.5,0.02,0.29,,,,,,,,,,,,,,,,,,,,,,,,
LOOP4,MS-1,GeoProbe,165.746,5.91,0.33,24.37,0.52,0.06,0.58,31.33,267.52,48.35,65.24,,,,,,,,,,,,,,,,,,,,,,,,,,,,,,,,,,,,
LOOP4,MS-1,GeoProbe,165.746,6.0,,,,,,,,,,,,,,,,,,,,,,1.2,218.1,0.01,,,,,,,,,,,,,,,,,,,,,
LOOP4,MS-1,GeoProbe,165.746,7.845,,,,,,,,,,,,0.1,0.08,123.69,,1.77,6.16,0.14,20.98,0.01,0.28,,,,,,,,,,,,,,,,,,,,,,,,
LOOP4,MS-1,GeoProbe,165.746,7.85,0.69,28.94,1.63,0.0,0.0,45.14,32.57,51.09,71.95,,,,,,,,,,,,,,,,,,,,,,,,,,,,,,,,,,,,
LOOP4,MS-1,GeoProbe,165.746,8.34,0.48,28.15,2.46,0.0,0.0,47.88,38.16,75.07,64.23,,,0.1,0.08,120.43,,1.4,6.76,0.18,21.21,0.01,0.26,,,,,,,,,,,,,,,,,,,,,,,,
LOOP4,MS-1,GeoProbe,165.746,8.435,,,,,,,,,,,,,,,,,,,,,,48.3,269.4,0.18,,,,,,,,,,,,,,,,,,,,,
LOOP4,MS-1,GeoProbe,165.746,11.655,,,,,,,,,,,,0.11,0.12,98.83,,3.06,3.39,0.11,21.16,0.01,0.27,,,,,,,,,,,,,,,,,,,,,,,,
LOOP4,MS-1,GeoProbe,165.746,11.66,0.72,32.27,0.28,0.07,0.71,136.17,52.55,65.16,30.23,,,,,,,,,,,,,,,,,,,,,,,,,,,,,,,,,,,,
LOOP4,MS-1,GeoProbe,165.746,11.995,,,,,,,,,,,,0.1,0.11,105.42,,3.08,3.68,0.18,23.79,0.01,0.29,,,,,,,,,,,,,,,,,,,,,,,,
LOOP4,MS-1,GeoProbe,165.746,12.0,0.45,24.96,0.16,0.1,0.97,111.02,50.41,34.93,37.54,,,,,,,,,,,,,,,,,,,,,,,,,,,,,,,,,,,,
LOOP4,MS-1,GeoProbe,165.746,12.09,,,,,,,,,,,,,,,,,,,,,,645.9,716.5,0.9,,,,,,,,,,,,,,,,,,,,,
LOOP4,MS-2,GeoProbe,165.747,2.255,,,,,,,,,,,,0.41,0.04,61.96,,1.23,11.85,0.08,29.6,0.01,0.29,,,,,,,,,,,,,,,,,,,,,,,,
LOOP4,MS-2,GeoProbe,165.747,2.26,1.57,9.16,0.06,1.32,13.2,83.97,417.93,,34.65,,,,,,,,,,,,,,,,,,,,,,,,,,,,,,,,,,,,
LOOP4,MS-2,GeoProbe,165.747,2.345,,,,,,,,,,,,,,,,,,,,,,64.4,332.7,0.19,,,,,,,,,,,,,,,,,,,,,
LOOP4,MS-2,GeoProbe,165.747,3.47,,,,,,,,,,,,,,,,,,,,,,0.6,45.6,0.01,,,,,,,,,,,,,,,,,,,,,
LOOP4,MS-2,GeoProbe,165.747,4.38,,,,,,,,,,,,,,,,,,,,,,3.8,48.7,0.08,,,,,,,,,,,,,,,,,,,,,
LOOP4,MS-2,GeoProbe,165.747,5.905,,,,,,,,,,,,0.3,0.03,89.12,,1.63,7.85,0.09,17.14,0.01,0.25,,,,,,,,,,,,,,,,,,,,,,,,
LOOP4,MS-2,GeoProbe,165.747,5.91,0.18,8.19,0.22,0.1,0.97,24.51,30.18,41.81,64.34,,,,,,,,,,,,,,,,,,,,,,,,,,,,,,,,,,,,
LOOP4,MS-2,GeoProbe,165.747,6.0,,,,,,,,,,,,,,,,,,,,,,227.0,434.7,0.52,,,,,,,,,,,,,,,,,,,,,
LOOP4,MS-2,GeoProbe,165.747,6.995,,,,,,,,,,,,0.25,0.11,112.07,,1.94,4.72,0.09,21.86,0.01,0.27,,,,,,,,,,,,,,,,,,,,,,,,
LOOP4,MS-2,GeoProbe,165.747,7.0,0.42,11.3,0.39,0.05,0.48,19.94,235.15,64.95,74.23,,,,,,,,,,,,,,,,,,,,,,,,,,,,,,,,,,,,
LOOP4,MS-2,GeoProbe,165.747,7.09,,,,,,,,,,,,,,,,,,,,,,1.8,205.6,0.01,,,,,,,,,,,,,,,,,,,,,
LOOP4,MS-2,GeoProbe,165.747,8.205,,,,,,,,,,,,0.2,0.04,113.83,,1.34,4.89,0.28,18.16,0.01,0.26,,,,,,,,,,,,,,,,,,,,,,,,
LOOP4,MS-2,GeoProbe,165.747,8.21,0.13,8.91,0.0,0.09,0.89,16.73,98.98,77.94,77.59,,,,,,,,,,,,,,,,,,,,,,,,,,,,,,,,,,,,
LOOP4,MS-2,GeoProbe,165.747,8.3,,,,,,,,,,,,,,,,,,,,,,208.4,418.5,0.5,,,,,,,,,,,,,,,,,,,,,
LOOP4,MS-2,GeoProbe,165.747,9.205,,,,,,,,,,,,0.21,0.05,82.43,,1.29,4.42,0.26,15.36,0.01,0.2,,,,,,,,,,,,,,,,,,,,,,,,
LOOP4,MS-2,GeoProbe,165.747,9.21,0.39,12.74,0.14,0.12,1.16,21.95,116.48,33.44,54.02,,,,,,,,,,,,,,,,,,,,,,,,,,,,,,,,,,,,
LOOP4,MS-2,GeoProbe,165.747,9.3,,,,,,,,,,,,,,,,,,,,,,312.3,518.6,0.6,,,,,,,,,,,,,,,,,,,,,
LOOP4,MS-2,GeoProbe,165.747,9.565,,,,,,,,,,,,0.15,0.02,85.79,,1.31,4.27,0.1,14.96,0.01,0.21,,,,,,,,,,,,,,,,,,,,,,,,
LOOP4,MS-2,GeoProbe,165.747,9.57,0.26,14.93,0.11,0.1,1.01,36.2,94.83,48.62,48.03,,,,,,,,,,,,,,,,,,,,,,,,,,,,,,,,,,,,
LOOP4,MS-2,GeoProbe,165.747,9.66,,,,,,,,,,,,,,,,,,,,,,301.5,620.5,0.49,,,,,,,,,,,,,,,,,,,,,
LOOP4,MS-2,GeoProbe,165.747,10.785,,,,,,,,,,,,0.15,0.06,102.45,,1.98,5.34,0.18,18.73,0.02,0.27,,,,,,,,,,,,,,,,,,,,,,,,
LOOP4,MS-2,GeoProbe,165.747,10.79,0.28,20.61,0.28,0.07,0.67,157.28,506.67,83.67,29.37,,,,,,,,,,,,,,,,,,,,,,,,,,,,,,,,,,,,
LOOP4,MS-2,GeoProbe,165.747,10.88,,,,,,,,,,,,,,,,,,,,,,485.7,537.4,0.9,,,,,,,,,,,,,,,,,,,,,
LOOP4,TL-1,GeoProbe,165.742,2.245,,,,,,,,,,,,0.1,0.17,78.65,,1.43,4.84,0.02,31.61,0.01,0.33,,,,,,,,,,,,,,,,,,,,,,,,
LOOP4,TL-1,GeoProbe,165.742,2.25,0.38,8.06,0.0,0.0,0.0,14.69,2.0,51.76,53.85,,,,,,,,,,,,,,,,,,,,,,,,,,,,,,,,,,,,
LOOP4,TL-1,GeoProbe,165.742,2.34,,,,,,,,,,,,,,,,,,,,,,1.6,297.8,0.01,,,,,,,,,,,,,,,,,,,,,
LOOP4,TL-1,GeoProbe,165.742,3.465,,,,,,,,,,,,0.09,0.24,92.33,,2.01,3.99,0.03,49.85,0.01,0.25,,,,,,,,,,,,,,,,,,,,,,,,
LOOP4,TL-1,GeoProbe,165.742,3.47,3.22,18.42,0.12,1.84,18.4,57.1,219.38,,,,,,,,,,,,,,,,,,,,,,,,,,,,,,,,,,,,,,
LOOP4,TL-1,GeoProbe,165.742,3.56,,,,,,,,,,,,,,,,,,,,,,4.0,173.2,0.02,,,,,,,,,,,,,,,,,,,,,
LOOP4,TL-1,GeoProbe,165.742,4.685,,,,,,,,,,,,0.1,0.24,94.69,0.1,1.7,3.92,0.03,31.24,0.01,0.22,,,,,,,,,,,,,,,,,,,,,,,,
LOOP4,TL-1,GeoProbe,165.742,4.69,1.24,14.65,0.08,0.94,9.4,32.3,139.22,,58.31,,,,,,,,,,,,,,,,,,,,,,,,,,,,,,,,,,,,
LOOP4,TL-1,GeoProbe,165.742,4.78,,,,,,,,,,,,,,,,,,,,,,224.2,521.8,0.43,,,,,,,,,,,,,,,,,,,,,
LOOP4,TL-1,GeoProbe,165.742,6.785,,,,,,,,,,,,0.06,0.15,111.34,,1.59,5.02,0.92,14.2,0.01,0.23,,,,,,,,,,,,,,,,,,,,,,,,
LOOP4,TL-1,GeoProbe,165.742,6.79,0.22,14.81,0.0,0.0,0.0,35.89,2.0,85.88,67.02,,,,,,,,,,,,,,,,,,,,,,,,,,,,,,,,,,,,
LOOP4,TL-1,GeoProbe,165.742,7.125,,,,,,,,,,,,0.05,0.09,120.09,,1.82,5.35,0.05,17.09,0.01,0.25,,,,,,,,,,,,,,,,,,,,,,,,
LOOP4,TL-1,GeoProbe,165.742,7.13,0.37,14.75,0.0,0.66,6.63,33.46,45.3,59.98,74.36,,,,,,,,,,,,,,,,,,,,,,,,,,,,,,,,,,,,
LOOP4,TL-1,GeoProbe,165.742,7.225,,,,,,,,,,,,,,,,,,,,,,75.8,114.3,0.66,,,,,,,,,,,,,,,,,,,,,
LOOP4,TL-1,GeoProbe,165.742,7.955,,,,,,,,,,,,0.07,0.07,89.41,,2.76,4.47,0.06,15.02,0.02,0.23,,,,,,,,,,,,,,,,,,,,,,,,
LOOP4,TL-1,GeoProbe,165.742,7.96,0.36,16.93,0.08,0.0,0.0,92.84,14.55,101.09,38.65,,,,,,,,,,,,,,,,,,,,,,,,,,,,,,,,,,,,
LOOP4,TL-1,GeoProbe,165.742,8.295,,,,,,,,,,,,0.06,0.11,151.4,,3.91,8.17,0.2,21.97,0.07,0.39,,,,,,,,,,,,,,,,,,,,,,,,
LOOP4,TL-1,GeoProbe,165.742,8.3,0.62,17.59,0.0,0.0,0.0,209.9,33.16,100.04,49.21,,,,,,,,,,,,,,,,,,,,,,,,,,,,,,,,,,,,
LOOP4,TL-1,GeoProbe,165.742,8.415,,,,,,,,,,,,,,,,,,,,,,167.9,205.5,0.82,,,,,,,,,,,,,,,,,,,,,
LOOP4,TL-1,GeoProbe,165.742,9.225,,,,,,,,,,,,0.05,0.09,95.05,0.1,5.48,6.15,0.5,25.5,0.01,0.25,,,,,,,,,,,,,,,,,,,,,,,,
LOOP4,TL-1,GeoProbe,165.742,9.23,0.32,22.6,0.24,0.0,0.0,39.68,41.54,92.34,57.37,,,,,,,,,,,,,,,,,,,,,,,,,,,,,,,,,,,,
LOOP4,TL-1,GeoProbe,165.742,9.565,,,,,,,,,,,,0.07,0.06,118.77,0.0,2.46,6.81,0.09,14.98,0.05,0.25,,,,,,,,,,,,,,,,,,,,,,,,
LOOP4,TL-1,GeoProbe,165.742,9.57,0.22,18.56,0.35,0.0,0.0,94.04,84.96,97.99,53.03,,,,,,,,,,,,,,,,,,,,,,,,,,,,,,,,,,,,
LOOP4,TL-1,GeoProbe,165.742,9.66,,,,,,,,,,,,,,,,,,,,,,132.8,274.8,0.48,,,,,,,,,,,,,,,,,,,,,
LOOP4,TL-2,GeoProbe,165.743,2.25,1.02,39.95,0.49,51.16,511.6,60.23,175.35,,58.2,,,,,,,,,,,,,,,,,,,,,,,,,,,,,,,,,,,,
LOOP4,TL-2,GeoProbe,165.743,2.34,,,,,,,,,,,,,,,,,,,,,,140.0,261.7,0.53,,,,,,,,,,,,,,,,,,,,,
LOOP4,TL-2,GeoProbe,165.743,2.87,,49.7,1.2,2.43,24.32,132.11,,,,,,,,,,,,,,,,,,,,,,,,,,,,,,,,,,,,,,,
LOOP4,TL-2,GeoProbe,165.743,2.96,,,,,,,,,,,,,,,,,,,,,,286.2,312.5,0.92,,,,,,,,,,,,,,,,,,,,,
LOOP4,TL-2,GeoProbe,165.743,3.47,3.22,34.21,0.69,1.07,10.7,230.22,200.02,,,,,,,,,,,,,,,,,,,,,,,,,,,,,,,,,,,,,,
LOOP4,TL-2,GeoProbe,165.743,3.56,,,,,,,,,,,,,,,,,,,,,,324.7,381.1,0.85,,,,,,,,,,,,,,,,,,,,,
LOOP4,TL-2,GeoProbe,165.743,4.04,1.51,39.27,0.63,1.18,11.8,313.22,153.73,,,,,,,,,,,,,,,,,,,,,,,,,,,,,,,,,,,,,,
LOOP4,TL-2,GeoProbe,165.743,4.13,,,,,,,,,,,,,,,,,,,,,,390.9,463.1,0.84,,,,,,,,,,,,,,,,,,,,,
LOOP4,TL-2,GeoProbe,165.743,4.685,,,,,,,,,,,,0.12,0.09,242.17,0.0,5.06,15.25,0.24,45.6,0.03,0.72,,,,,,,,,,,,,,,,,,,,,,,,
LOOP4,TL-2,GeoProbe,165.743,4.69,2.32,36.22,1.1,1.18,11.8,537.4,560.79,,22.86,,,,,,,,,,,,,,,,,,,,,,,,,,,,,,,,,,,,
LOOP4,TL-2,GeoProbe,165.743,4.78,,,,,,,,,,,,,,,,,,,,,,473.7,557.8,0.85,,,,,,,,,,,,,,,,,,,,,
LOOP4,TL-2,GeoProbe,165.743,5.31,2.48,51.44,1.0,1.76,17.6,512.66,284.58,,,,,,,,,,,,,,,,,,,,,,,,,,,,,,,,,,,,,,
LOOP4,TL-2,GeoProbe,165.743,5.4,,,,,,,,,,,,,,,,,,,,,,488.6,562.1,0.87,,,,,,,,,,,,,,,,,,,,,
LOOP4,TL-2,GeoProbe,165.743,5.91,3.12,48.94,0.96,1.5,15.0,225.42,83.67,,,,,,,,,,,,,,,,,,,,,,,,,,,,,,,,,,,,,,
LOOP4,TL-2,GeoProbe,165.743,6.0,,,,,,,,,,,,,,,,,,,,,,402.4,468.3,0.86,,,,,,,,,,,,,,,,,,,,,
LOOP6,P1,GeoProbe,159.1692,1.945,0.3,22.65,,45.96,0.02,29.75,99.14,34.38,40.68,-6.36,-41.65,0.15,0.09,58.77,0.03,13.63,15.16,0.09,39.69,0.01,0.27,,,,,,,,,,,,,,,,,,,,,,,,
LOOP6,P1,GeoProbe,159.1692,1.95,0.3,22.65,-0.05,45.96,0.02,29.75,99.14,34.38,40.68,-6.36,-41.65,0.15,0.09,58.77,0.03,13.63,15.16,0.09,39.69,0.01,0.27,,,,,,,,,,,,,,,,,,,,,,,,
LOOP6,P1,GeoProbe,159.1692,2.2,,,,,,,,,,,,,,,,,,,,,,326.4,476.1,0.69,,,,,,,,,,,,,,,,,,,,,
LOOP6,P1,GeoProbe,159.1692,2.405,0.71,41.38,0.24,0.2,0.02,144.42,521.82,,,,,0.15,0.13,63.27,0.19,7.17,9.25,0.28,32.3,0.09,0.35,,,,,,,,,,,,,,,,,,,,,,,,
LOOP6,P1,GeoProbe,159.1692,2.41,0.71,41.38,0.24,0.2,0.02,144.42,521.82,,,,,0.15,0.13,63.27,0.19,7.17,9.25,0.28,32.3,0.09,0.35,,,,,,,,,,,,,,,,,,,,,,,,
LOOP6,P1,GeoProbe,159.1692,3.51,,,,,,,,,,,,,,,,,,,,,,312.0,476.5,0.65,,,,,,,,,,,,,,,,,,,,,
LOOP6,P1,GeoProbe,159.1692,3.615,0.72,28.11,0.06,0.09,0.02,89.24,711.53,63.86,17.08,-6.69,-45.37,0.15,0.12,49.15,0.11,12.35,6.69,0.46,24.56,0.03,0.29,,,,,,,,,,,,,,,,,,,,,,,,
LOOP6,P1,GeoProbe,159.1692,3.62,0.72,28.11,0.06,0.09,0.02,89.24,711.53,63.86,17.08,-6.69,-45.37,0.15,0.12,49.15,0.11,12.35,6.69,0.46,24.56,0.03,0.29,,,,,,,,,,,,,,,,,,,,,,,,
LOOP6,P1,GeoProbe,159.1692,4.485,,,,,,,,,,,,,,,,,,,,,,339.4,396.9,0.86,,,,,,,,,,,,,,,,,,,,,
LOOP6,P1,GeoProbe,159.1692,4.835,1.54,34.47,0.17,0.29,0.02,89.49,539.27,74.59,36.79,-6.92,-46.56,0.13,0.11,88.25,0.03,6.78,7.81,0.34,34.45,0.03,0.31,,,,,,,,,,,,,,,,,,,,,,,,
LOOP6,P1,GeoProbe,159.1692,4.84,1.54,34.47,0.17,0.29,0.02,89.49,539.27,74.59,36.79,-6.92,-46.56,0.13,0.11,88.25,0.03,6.78,7.81,0.34,34.45,0.03,0.31,,,,,,,,,,,,,,,,,,,,,,,,
LOOP6,P1,GeoProbe,159.1692,5.96,,,,,,,,,,,,,,,,,,,,,,493.9,518.2,0.95,,,,,,,,,,,,,,,,,,,,,
LOOP6,P1,GeoProbe,159.1692,6.055,0.69,22.0,0.07,0.05,0.02,65.58,193.82,41.92,34.83,-6.87,-46.34,0.13,0.1,74.39,0.03,2.2,5.74,0.36,19.6,0.01,0.24,,,,,,,,,,,,,,,,,,,,,,,,
LOOP6,P1,GeoProbe,159.1692,6.06,0.69,22.0,0.07,0.05,0.02,65.58,193.82,41.92,34.83,-6.87,-46.34,0.13,0.1,74.39,0.03,2.2,5.74,0.36,19.6,0.01,0.24,,,,,,,,,,,,,,,,,,,,,,,,
LOOP6,P2,GeoProbe,159.1693,1.915,,,,,,,,,,,,,,,,,,,,,,1127.9,1321.9,0.85,,,,,,,,,,,,,,,,,,,,,
LOOP6,P2,GeoProbe,159.1693,2.005,0.45,47.22,0.02,0.02,0.02,157.29,58.91,27.38,5.42,-6.57,-44.07,0.2,0.08,66.79,0.09,2.38,3.77,0.13,36.09,0.13,0.22,,,,,,,,,,,,,,,,,,,,,,,,
LOOP6,P2,GeoProbe,159.1693,2.01,0.45,47.22,0.02,0.02,0.02,157.29,58.91,27.38,5.42,-6.57,-44.07,0.2,0.08,66.79,0.09,2.38,3.77,0.13,36.09,0.13,0.22,,,,,,,,,,,,,,,,,,,,,,,,
LOOP6,P2,GeoProbe,159.1693,2.395,1.25,31.39,0.09,0.06,0.02,83.07,383.83,41.12,22.71,-7.12,-46.85,0.16,0.15,66.08,0.1,10.09,6.78,0.79,20.69,0.02,0.27,,,,,,,,,,,,,,,,,,,,,,,,
LOOP6,P2,GeoProbe,159.1693,2.4,1.25,31.39,0.09,0.06,0.02,83.07,383.83,41.12,22.71,-7.12,-46.85,0.16,0.15,66.08,0.1,10.09,6.78,0.79,20.69,0.02,0.27,,,,,,,,,,,,,,,,,,,,,,,,
LOOP6,P2,GeoProbe,159.1693,3.375,,,,,,,,,,,,,,,,,,,,,,1447.2,1242.2,1.16,,,,,,,,,,,,,,,,,,,,,
LOOP6,P2,GeoProbe,159.1693,3.615,0.51,23.26,0.02,0.16,0.02,76.71,,,,,,,,,,,,,,,,,,,,,,,,,,,,,,,,,,,,,,,
LOOP6,P2,GeoProbe,159.1693,3.62,0.51,23.26,0.02,0.16,0.02,76.71,,,,,,,,,,,,,,,,,,,,,,,,,,,,,,,,,,,,,,,
LOOP6,P2,GeoProbe,159.1693,4.49,,,,,,,,,,,,,,,,,,,,,,1197.3,1285.1,0.93,,,,,,,,,,,,,,,,,,,,,
LOOP6,P2,GeoProbe,159.1693,4.835,0.56,21.9,0.07,0.92,0.02,56.84,187.37,38.27,36.81,-7.07,-47.35,0.15,0.09,73.43,0.03,2.87,5.67,0.37,17.49,0.01,0.23,,,,,,,,,,,,,,,,,,,,,,,,
LOOP6,P2,GeoProbe,159.1693,4.84,0.56,21.9,0.07,0.92,0.02,56.84,187.37,38.27,36.81,-7.07,-47.35,0.15,0.09,73.43,0.03,2.87,5.67,0.37,17.49,0.01,0.23,,,,,,,,,,,,,,,,,,,,,,,,
LOOP6,P2A,GeoProbe,159.1694,2.045,0.34,14.56,0.02,0.02,0.02,66.26,87.8,42.43,51.7,-6.36,-42.24,0.21,0.07,107.31,0.3,1.99,4.42,0.13,13.2,0.09,0.26,,,,,,,,,,,,,,,,,,,,,,,,
LOOP6,P2A,GeoProbe,159.1694,2.05,0.34,14.56,0.02,0.02,0.02,66.26,87.8,42.43,51.7,-6.36,-42.24,0.21,0.07,107.31,0.3,1.99,4.42,0.13,13.2,0.09,0.26,,,,,,,,,,,,,,,,,,,,,,,,
LOOP6,P2A,GeoProbe,159.1694,2.14,,,,,,,,,,,,,,,,,,,,,,107.0,212.5,0.5,,,,,,,,,,,,,,,,,,,,,
LOOP6,P2A,GeoProbe,159.1694,2.4,0.56,30.82,0.11,0.02,0.02,216.34,173.74,44.65,41.89,-6.74,-44.09,0.14,0.17,155.19,0.1,5.07,6.31,0.9,17.8,0.05,0.38,,,,,,,,,,,,,,,,,,,,,,,,
LOOP6,P2A,GeoProbe,159.1694,2.485,0.88,30.01,0.08,0.02,0.02,51.37,396.27,33.25,51.99,-7.06,-46.3,0.2,0.14,105.4,0.9,3.53,5.49,1.54,13.87,0.03,0.3,,,,,,,,,,,,,,,,,,,,,,,,
LOOP6,P2A,GeoProbe,159.1694,2.49,0.88,30.01,0.08,0.02,0.02,51.37,396.27,33.25,51.99,-7.06,-46.3,0.2,0.14,105.4,0.9,3.53,5.49,1.54,13.87,0.03,0.3,,,,,,,,,,,,,,,,,,,,,,,,
LOOP6,P2A,GeoProbe,159.1694,3.615,1.1,34.15,0.14,0.17,0.02,67.22,623.77,48.56,42.82,-6.85,-45.57,0.14,0.08,92.53,0.45,2.61,5.14,0.78,18.33,0.01,0.21,,,,,,,,,,,,,,,,,,,,,,,,
LOOP6,P2A,GeoProbe,159.1694,3.62,1.1,34.15,0.14,0.17,0.02,67.22,623.77,48.56,42.82,-6.85,-45.57,0.14,0.08,92.53,0.45,2.61,5.14,0.78,18.33,0.01,0.21,,,,,,,,,,,,,,,,,,,,,,,,
LOOP6,P2A,GeoProbe,159.1694,4.835,0.65,23.6,0.02,0.13,0.02,62.36,395.39,48.66,37.55,-6.62,-45.23,0.2,0.09,90.56,0.63,2.09,5.5,0.81,16.99,0.09,0.21,,,,,,,,,,,,,,,,,,,,,,,,
LOOP6,P2A,GeoProbe,159.1694,4.84,0.65,23.6,0.02,0.13,0.02,62.36,395.39,48.66,37.55,-6.62,-45.23,0.2,0.09,90.56,0.63,2.09,5.5,0.81,16.99,0.09,0.21,,,,,,,,,,,,,,,,,,,,,,,,
LOOP6,P3,GeoProbe,159.1695,2.395,0.19,56.85,0.18,128.58,0.3,20.62,298.44,32.48,2.11,-7.02,-48.58,0.17,0.05,57.87,0.12,13.17,8.2,0.47,22.97,0.58,0.14,0.3,39.3,0.01,,,,,,,,,,,,,,,,,,,,,
LOOP6,P3,GeoProbe,159.1695,2.4,0.19,56.85,0.18,128.58,0.3,20.62,298.44,32.48,2.11,-7.02,-48.58,0.17,0.05,57.87,0.12,13.17,8.2,0.47,22.97,0.58,0.14,,,,,,,,,,,,,,,,,,,,,,,,
LOOP6,P3,GeoProbe,159.1695,3.36,,,,,,,,,,,,,,,,,,,,,,0.6,104.6,0.01,,,,,,,,,,,,,,,,,,,,,
LOOP6,P3,GeoProbe,159.1695,3.615,0.45,20.76,0.09,89.45,0.33,16.5,378.32,51.85,0.86,-7.38,-50.08,0.19,0.02,25.71,0.16,14.06,5.44,0.22,20.26,0.02,0.08,,,,,,,,,,,,,,,,,,,,,,,,
LOOP6,P3,GeoProbe,159.1695,3.62,0.45,20.76,0.09,89.45,0.33,16.5,378.32,51.85,0.86,-7.38,-50.08,0.19,0.02,25.71,0.16,14.06,5.44,0.22,20.26,0.02,0.08,,,,,,,,,,,,,,,,,,,,,,,,
LOOP6,P3,GeoProbe,159.1695,4.565,,,,,,,,,,,,,,,,,,,,,,1.8,175.1,0.01,,,,,,,,,,,,,,,,,,,,,
LOOP6,P3,GeoProbe,159.1695,4.835,0.1,17.67,0.11,55.92,0.02,28.69,129.29,21.93,2.05,-6.92,-44.47,0.14,0.07,27.01,0.1,9.57,3.66,0.45,14.38,0.03,0.14,,,,,,,,,,,,,,,,,,,,,,,,
LOOP6,P3,GeoProbe,159.1695,4.84,0.1,17.67,0.11,55.92,0.02,28.69,129.29,21.93,2.05,-6.92,-44.47,0.14,0.07,27.01,0.1,9.57,3.66,0.45,14.38,0.03,0.14,,,,,,,,,,,,,,,,,,,,,,,,
LOOP6,P3,GeoProbe,159.1695,5.705,,,,,,,,,,,,,,,,,,,,,,1.3,209.2,0.01,,,,,,,,,,,,,,,,,,,,,
LOOP6,P3,GeoProbe,159.1695,6.01,0.34,20.77,0.09,42.88,0.02,61.93,19.42,,48.81,,,0.17,0.04,98.08,0.16,3.78,10.17,0.02,23.39,0.01,0.35,,,,,,,,,,,,,,,,,,,,,,,,
LOOP6,P3,GeoProbe,159.1695,6.01,0.34,20.77,0.09,42.88,0.02,61.93,19.42,,48.81,,,0.17,0.04,98.08,0.16,3.78,10.17,0.02,23.39,0.01,0.35,,,,,,,,,,,,,,,,,,,,,,,,
LOOP6,P3,GeoProbe,159.1695,6.01,0.34,20.77,0.09,42.88,0.02,61.93,19.42,,48.81,,,0.17,0.04,98.08,0.16,3.78,10.17,0.02,23.39,0.01,0.35,,,,,,,,,,,,,,,,,,,,,,,,
LOOP6,P3,GeoProbe,159.1695,6.01,0.34,20.77,0.09,42.88,0.02,61.93,19.42,,48.81,,,0.17,0.04,98.08,0.16,3.78,10.17,0.02,23.39,0.01,0.35,,,,,,,,,,,,,,,,,,,,,,,,
LOOP6,P3,GeoProbe,159.1695,6.505,0.49,17.44,0.09,58.29,0.02,24.39,39.83,32.46,4.76,-6.78,-44.55,0.15,0.11,30.28,0.1,3.71,5.29,0.05,19.72,0.01,0.2,,,,,,,,,,,,,,,,,,,,,,,,
LOOP6,P3,GeoProbe,159.1695,6.51,0.49,17.44,0.09,58.29,0.02,24.39,39.83,32.46,4.76,-6.78,-44.55,0.15,0.11,30.28,0.1,3.71,5.29,0.05,19.72,0.01,0.2,,,,,,,,,,,,,,,,,,,,,,,,
LOOP6,P3,GeoProbe,159.1695,6.725,0.51,23.71,0.09,45.28,0.02,42.66,44.66,36.07,27.85,-7.14,-47.41,0.16,0.08,67.21,0.15,2.34,7.73,0.02,25.75,0.01,0.33,,,,,,,,,,,,,,,,,,,,,,,,
LOOP6,P3,GeoProbe,159.1695,6.73,0.51,23.71,0.09,45.28,0.02,42.66,44.66,36.07,27.85,-7.14,-47.41,0.16,0.08,67.21,0.15,2.34,7.73,0.02,25.75,0.01,0.33,,,,,,,,,,,,,,,,,,,,,,,,
LOOP6,P3,GeoProbe,159.1695,6.82,,,,,,,,,,,,,,,,,,,,,,3.1,96.3,0.03,,,,,,,,,,,,,,,,,,,,,
LOOP6,P3,GeoProbe,159.1695,7.175,0.29,24.61,0.13,0.68,0.02,64.84,62.91,32.56,20.27,-7.72,-51.26,0.15,0.03,56.97,0.17,1.89,4.61,0.03,20.04,0.01,0.18,,,,,,,,,,,,,,,,,,,,,,,,
LOOP6,P3,GeoProbe,159.1695,7.18,0.29,24.61,0.13,0.68,0.02,64.84,62.91,32.56,20.27,-7.72,-51.26,0.15,0.03,56.97,0.17,1.89,4.61,0.03,20.04,0.01,0.18,,,,,,,,,,,,,,,,,,,,,,,,
LOOP6,P3,GeoProbe,159.1695,7.71,,,,,,,,,,,,,,,,,,,,,,26.6,201.1,0.13,,,,,,,,,,,,,,,,,,,,,
LOOP6,P3,GeoProbe,159.1695,8.055,1.38,26.16,0.12,0.14,0.02,79.02,72.5,,10.69,,,0.17,0.08,44.42,0.03,1.37,4.09,0.15,31.41,0.0,0.16,,,,,,,,,,,,,,,,,,,,,,,,
LOOP6,P3,GeoProbe,159.1695,8.06,1.38,26.16,0.12,0.14,0.02,79.02,72.5,,10.69,,,0.17,0.08,44.42,0.03,1.37,4.09,0.15,31.41,0.0,0.16,,,,,,,,,,,,,,,,,,,,,,,,
LOOP6,P3,GeoProbe,159.1695,8.15,,,,,,,,,,,,,,,,,,,,,,446.8,506.2,0.88,,,,,,,,,,,,,,,,,,,,,
LOOP6,P3,GeoProbe,159.1695,8.495,1.03,24.38,0.11,0.39,0.17,62.42,116.9,59.94,7.44,,,0.17,0.05,35.72,0.03,1.82,3.29,0.07,20.94,0.0,0.14,,,,,,,,,,,,,,,,,,,,,,,,
LOOP6,P3,GeoProbe,159.1695,8.5,1.03,24.38,0.11,0.39,0.17,62.42,116.9,59.94,7.44,,,0.17,0.05,35.72,0.03,1.82,3.29,0.07,20.94,0.0,0.14,,,,,,,,,,,,,,,,,,,,,,,,
LOOP6,P3,GeoProbe,159.1695,9.025,0.51,20.85,0.15,0.06,0.02,39.61,117.06,35.41,14.7,-7.87,-52.38,0.16,0.05,40.51,0.03,1.91,3.89,0.1,14.43,0.01,0.14,,,,,,,,,,,,,,,,,,,,,,,,
LOOP6,P3,GeoProbe,159.1695,9.03,0.51,20.85,0.15,0.06,0.02,39.61,117.06,35.41,14.7,-7.87,-52.38,0.16,0.05,40.51,0.03,1.91,3.89,0.1,14.43,0.01,0.14,,,,,,,,,,,,,,,,,,,,,,,,
LOOP6,P3,GeoProbe,159.1695,9.37,,,,,,,,,,,,,,,,,,,,,,808.0,911.4,0.89,,,,,,,,,,,,,,,,,,,,,
LOOP6,P3,GeoProbe,159.1695,9.715,0.98,27.19,0.12,0.29,0.38,58.27,225.03,53.39,15.07,,,0.15,0.07,46.1,0.03,2.62,5.76,0.07,26.39,0.01,0.29,,,,,,,,,,,,,,,,,,,,,,,,
LOOP6,P3,GeoProbe,159.1695,9.72,0.98,27.19,0.12,0.29,0.38,58.27,225.03,53.39,15.07,,,0.15,0.07,46.1,0.03,2.62,5.76,0.07,26.39,0.01,0.29,,,,,,,,,,,,,,,,,,,,,,,,
LOOP6,P4,GeoProbe,159.1696,1.705,0.67,34.27,0.11,121.23,0.07,19.77,156.71,37.01,1.61,-6.82,-44.69,0.35,0.19,38.94,0.03,4.61,5.3,0.12,35.79,0.01,0.27,,,,,,,,,,,,,,,,,,,,,,,,
LOOP6,P4,GeoProbe,159.1696,1.71,0.67,34.27,0.11,121.23,0.07,19.77,156.71,37.01,1.61,-6.82,-44.69,0.35,0.19,38.94,0.03,4.61,5.3,0.12,35.79,0.01,0.27,,,,,,,,,,,,,,,,,,,,,,,,
LOOP6,P4,GeoProbe,159.1696,2.3,,,,,,,,,,,,,,,,,,,,,,175.0,766.2,0.23,,,,,,,,,,,,,,,,,,,,,
LOOP6,P4,GeoProbe,159.1696,2.395,0.15,57.14,0.16,240.06,0.02,11.61,72.62,69.36,3.69,-5.95,-40.61,0.14,0.14,64.89,0.03,16.11,12.54,0.13,37.48,0.01,0.28,,,,,,,,,,,,,,,,,,,,,,,,
LOOP6,P4,GeoProbe,159.1696,2.4,0.15,57.14,0.16,240.06,0.02,11.61,72.62,69.36,3.69,-5.95,-40.61,0.14,0.14,64.89,0.03,16.11,12.54,0.13,37.48,0.01,0.28,,,,,,,,,,,,,,,,,,,,,,,,
LOOP6,P4,GeoProbe,159.1696,3.52,,,,,,,,,,,,,,,,,,,,,,3.4,119.6,0.03,,,,,,,,,,,,,,,,,,,,,
LOOP6,P4,GeoProbe,159.1696,4.74,,,,,,,,,,,,,,,,,,,,,,2.4,228.3,0.01,,,,,,,,,,,,,,,,,,,,,
LOOP6,P4,GeoProbe,159.1696,4.835,0.72,33.3,0.12,70.67,0.02,18.5,110.86,36.05,6.89,-7.14,-45.57,0.2,0.18,23.61,0.03,2.99,13.41,0.28,32.99,0.03,0.28,,,,,,,,,,,,,,,,,,,,,,,,
LOOP6,P4,GeoProbe,159.1696,4.84,0.72,33.3,0.12,70.67,0.02,18.5,110.86,36.05,6.89,-7.14,-45.57,0.2,0.18,23.61,0.03,2.99,13.41,0.28,32.99,0.03,0.28,,,,,,,,,,,,,,,,,,,,,,,,
LOOP6,P4,GeoProbe,159.1696,5.96,,,,,,,,,,,,,,,,,,,,,,38.2,162.5,0.23,,,,,,,,,,,,,,,,,,,,,
LOOP6,P4,GeoProbe,159.1696,6.055,0.72,28.73,0.11,83.36,0.02,28.63,104.33,69.63,7.56,,,0.2,0.13,24.76,0.03,2.07,11.35,0.08,41.81,0.03,0.35,,,,,,,,,,,,,,,,,,,,,,,,
LOOP6,P4,GeoProbe,159.1696,6.06,0.72,28.73,0.11,83.36,0.02,28.63,104.33,69.63,7.56,,,0.2,0.13,24.76,0.03,2.07,11.35,0.08,41.81,0.03,0.35,,,,,,,,,,,,,,,,,,,,,,,,
LOOP6,P4,GeoProbe,159.1696,6.09,,,,,,,,,,,,,,,,,,,,,,106.6,134.5,0.79,,,,,,,,,,,,,,,,,,,,,
LOOP6,P4,GeoProbe,159.1696,6.185,0.47,21.4,0.13,0.09,0.02,67.18,143.81,50.97,5.76,-7.11,-45.7,0.16,0.05,17.19,0.03,2.44,9.72,0.14,25.3,0.17,0.2,,,,,,,,,,,,,,,,,,,,,,,,
LOOP6,P4,GeoProbe,159.1696,6.19,0.47,21.4,0.13,0.09,0.02,67.18,143.81,50.97,5.76,-7.11,-45.7,0.16,0.05,17.19,0.03,2.44,9.72,0.14,25.3,0.17,0.2,,,,,,,,,,,,,,,,,,,,,,,,
LOOP6,P4,GeoProbe,159.1696,7.18,,,,,,,,,,,,,,,,,,,,,,258.1,288.6,0.89,,,,,,,,,,,,,,,,,,,,,
LOOP6,P4,GeoProbe,159.1696,7.275,1.38,57.14,0.4,0.26,0.15,106.18,289.75,72.23,25.88,,,0.15,0.07,74.54,0.03,4.83,13.09,0.22,41.8,0.04,0.47,,,,,,,,,,,,,,,,,,,,,,,,
LOOP6,P4,GeoProbe,159.1696,7.28,1.38,57.14,0.4,0.26,0.15,106.18,289.75,72.23,25.88,,,0.15,0.07,74.54,0.03,4.83,13.09,0.22,41.8,0.04,0.47,,,,,,,,,,,,,,,,,,,,,,,,
LOOP6,P5,GeoProbe,159.1697,2.3,,,,,,,,,,,,,,,,,,,,,,0.5,34.6,0.01,,,,,,,,,,,,,,,,,,,,,
LOOP6,P5,GeoProbe,159.1697,2.395,0.48,34.88,0.21,69.19,0.02,20.24,80.68,37.49,4.01,-7.13,-46.0,0.34,0.15,19.67,0.03,3.21,7.29,0.62,36.51,0.03,0.15,,,,,,,,,,,,,,,,,,,,,,,,
LOOP6,P5,GeoProbe,159.1697,2.4,0.48,34.88,0.21,69.19,0.02,20.24,80.68,37.49,4.01,-7.13,-46.0,0.34,0.15,19.67,0.03,3.21,7.29,0.62,36.51,0.03,0.15,,,,,,,,,,,,,,,,,,,,,,,,
LOOP6,P5,GeoProbe,159.1697,3.52,,,,,,,,,,,,,,,,,,,,,,0.3,23.6,0.01,,,,,,,,,,,,,,,,,,,,,
LOOP6,P5,GeoProbe,159.1697,3.615,0.17,37.14,0.11,71.49,0.02,38.73,72.98,29.05,6.58,-6.84,-43.35,0.24,0.04,41.5,0.03,12.28,5.77,0.83,22.6,0.02,0.11,,,,,,,,,,,,,,,,,,,,,,,,
LOOP6,P5,GeoProbe,159.1697,3.62,0.17,37.14,0.11,71.49,0.02,38.73,72.98,29.05,6.58,-6.84,-43.35,0.24,0.04,41.5,0.03,12.28,5.77,0.83,22.6,0.02,0.11,,,,,,,,,,,,,,,,,,,,,,,,
LOOP6,P5,GeoProbe,159.1697,4.785,,,,,,,,,,,,,,,,,,,,,,0.1,9.2,0.01,,,,,,,,,,,,,,,,,,,,,
LOOP6,P5,GeoProbe,159.1697,4.835,0.6,15.06,0.02,47.53,0.02,29.9,39.24,105.62,4.47,,,0.16,0.07,22.94,0.03,7.46,4.85,0.03,27.42,0.0,0.09,,,,,,,,,,,,,,,,,,,,,,,,
LOOP6,P5,GeoProbe,159.1697,4.84,0.6,15.06,0.02,47.53,0.02,29.9,39.24,105.62,4.47,,,0.16,0.07,22.94,0.03,7.46,4.85,0.03,27.42,0.0,0.09,,,,,,,,,,,,,,,,,,,,,,,,
LOOP6,P5,GeoProbe,159.1697,5.96,,,,,,,,,,,,,,,,,,,,,,0.2,19.0,0.01,,,,,,,,,,,,,,,,,,,,,
LOOP6,P5,GeoProbe,159.1697,6.055,0.62,21.53,0.02,120.41,0.02,12.27,265.37,92.98,3.1,-7.17,-46.77,0.17,0.12,33.55,0.03,10.54,3.22,1.22,22.95,0.06,0.13,,,,,,,,,,,,,,,,,,,,,,,,
LOOP6,P5,GeoProbe,159.1697,6.06,0.62,21.53,0.02,120.41,0.02,12.27,265.37,92.98,3.1,-7.17,-46.77,0.17,0.12,33.55,0.03,10.54,3.22,1.22,22.95,0.06,0.13,,,,,,,,,,,,,,,,,,,,,,,,
LOOP6,P5,GeoProbe,159.1697,6.615,,,,,,,,,,,,,,,,,,,,,,12.9,157.9,0.08,,,,,,,,,,,,,,,,,,,,,
LOOP6,P5,GeoProbe,159.1697,6.69,,,,,,,,,,,,,,,,,,,,,,0.2,34.8,0.01,,,,,,,,,,,,,,,,,,,,,
LOOP6,P5,GeoProbe,159.1697,6.75,,,,,,,,,,,,,,,,,,,,,,2.5,234.4,0.01,,,,,,,,,,,,,,,,,,,,,
LOOP6,P5,GeoProbe,159.1697,7.155,0.05,40.03,0.09,52.32,0.02,26.74,53.32,31.17,6.32,-7.05,-46.68,0.13,0.07,38.98,0.03,6.24,4.39,0.15,26.08,0.01,0.14,,,,,,,,,,,,,,,,,,,,,,,,
LOOP6,P5,GeoProbe,159.1697,7.16,0.05,40.03,0.09,52.32,0.02,26.74,53.32,31.17,6.32,-7.05,-46.68,0.13,0.07,38.98,0.03,6.24,4.39,0.15,26.08,0.01,0.14,,,,,,,,,,,,,,,,,,,,,,,,
LOOP6,P5,GeoProbe,159.1697,7.715,0.07,45.39,0.02,7.93,0.02,43.76,11.34,33.07,9.29,-7.21,-47.64,0.13,0.06,32.69,0.03,3.41,6.12,0.53,33.16,0.05,0.18,,,,,,,,,,,,,,,,,,,,,,,,
LOOP6,P5,GeoProbe,159.1697,7.72,0.07,45.39,0.02,7.93,0.02,43.76,11.34,33.07,9.29,-7.21,-47.64,0.13,0.06,32.69,0.03,3.41,6.12,0.53,33.16,0.05,0.18,,,,,,,,,,,,,,,,,,,,,,,,
LOOP6,P5,GeoProbe,159.1697,7.79,,,,,,,,,,,,,,,,,,,,,,0.6,54.0,0.01,,,,,,,,,,,,,,,,,,,,,
LOOP6,P5,GeoProbe,159.1697,8.435,0.08,81.58,0.19,0.02,0.02,50.81,336.85,42.46,8.27,-7.27,-47.88,0.14,0.07,31.17,0.03,3.09,4.84,0.11,53.69,0.05,0.15,,,,,,,,,,,,,,,,,,,,,,,,
LOOP6,P5,GeoProbe,159.1697,8.44,0.08,81.58,0.19,0.02,0.02,50.81,336.85,42.46,8.27,-7.27,-47.88,0.14,0.07,31.17,0.03,3.09,4.84,0.11,53.69,0.05,0.15,,,,,,,,,,,,,,,,,,,,,,,,
LOOP6,P5,GeoProbe,159.1697,8.51,,,,,,,,,,,,,,,,,,,,,,2.3,27.0,0.08,,,,,,,,,,,,,,,,,,,,,
LOOP6,P5,GeoProbe,159.1697,9.61,0.31,33.19,0.06,0.02,0.02,61.95,803.49,41.3,19.75,,,0.11,0.12,45.53,1.0,4.47,9.41,0.85,19.11,0.01,0.21,,,,,,,,,,,,,,,,,,,,,,,,
LOOP6,P5,GeoProbe,159.1697,9.61,0.31,33.19,0.06,0.02,0.02,61.95,803.49,41.3,19.75,,,0.11,0.12,45.53,1.0,4.47,9.41,0.85,19.11,0.01,0.21,,,,,,,,,,,,,,,,,,,,,,,,
LOOP6,P5,GeoProbe,159.1697,9.61,0.31,33.19,0.06,0.02,0.02,61.95,803.49,41.3,19.75,,,0.11,0.12,45.53,1.0,4.47,9.41,0.85,19.11,0.01,0.21,,,,,,,,,,,,,,,,,,,,,,,,
LOOP6,P5,GeoProbe,159.1697,9.61,0.31,33.19,0.06,0.02,0.02,61.95,803.49,41.3,19.75,,,0.11,0.12,45.53,1.0,4.47,9.41,0.85,19.11,0.01,0.21,,,,,,,,,,,,,,,,,,,,,,,,
LOOP6,P5,GeoProbe,159.1697,9.705,,,,,,,,,,,,,,,,,,,,,,26.4,38.0,0.69,,,,,,,,,,,,,,,,,,,,,
LOOP6,P5,GeoProbe,159.1697,10.935,0.2,32.16,0.16,0.05,0.02,63.67,809.51,47.62,22.43,-7.54,-50.15,0.11,0.1,43.51,0.58,6.81,8.86,0.77,24.77,0.01,0.21,,,,,,,,,,,,,,,,,,,,,,,,
LOOP6,P5,GeoProbe,159.1697,10.94,0.2,32.16,0.16,0.05,0.02,63.67,809.51,47.62,22.43,-7.54,-50.15,0.11,0.1,43.51,0.58,6.81,8.86,0.77,24.77,0.01,0.21,,,,,,,,,,,,,,,,,,,,,,,,
LOOP6,P6,GeoProbe,159.1698,2.3,,,,,,,,,,,,,,,,,,,,,,235.7,326.0,0.72,,,,,,,,,,,,,,,,,,,,,
LOOP6,P6,GeoProbe,159.1698,2.395,0.1,21.55,0.1,39.08,0.02,31.29,3.15,28.11,19.32,-7.26,-46.46,0.18,0.1,42.46,0.03,11.54,8.39,0.03,13.67,0.01,0.13,,,,,,,,,,,,,,,,,,,,,,,,
LOOP6,P6,GeoProbe,159.1698,2.4,0.1,21.55,0.1,39.08,0.02,31.29,3.15,28.11,19.32,-7.26,-46.46,0.18,0.1,42.46,0.03,11.54,8.39,0.03,13.67,0.01,0.13,,,,,,,,,,,,,,,,,,,,,,,,
LOOP6,P6,GeoProbe,159.1698,3.34,0.28,23.67,0.15,35.39,0.16,31.73,32.13,25.07,16.42,-7.19,-46.0,0.23,0.15,44.05,0.03,8.18,8.01,0.05,18.87,0.01,0.18,,,,,,,,,,,,,,,,,,,,,,,,
LOOP6,P6,GeoProbe,159.1698,3.34,0.28,23.67,0.15,35.39,0.16,31.73,32.13,25.07,16.42,-7.19,-46.0,0.23,0.15,44.05,0.03,8.18,8.01,0.05,18.87,0.01,0.18,,,,,,,,,,,,,,,,,,,,,,,,
LOOP6,P6,GeoProbe,159.1698,3.34,0.28,23.67,0.15,35.39,0.16,31.73,32.13,25.07,16.42,-7.19,-46.0,0.23,0.15,44.05,0.03,8.18,8.01,0.05,18.87,0.01,0.18,,,,,,,,,,,,,,,,,,,,,,,,
LOOP6,P6,GeoProbe,159.1698,3.34,0.28,23.67,0.15,35.39,0.16,31.73,32.13,25.07,16.42,-7.19,-46.0,0.23,0.15,44.05,0.03,8.18,8.01,0.05,18.87,0.01,0.18,,,,,,,,,,,,,,,,,,,,,,,,
LOOP6,P6,GeoProbe,159.1698,3.57,0.21,24.53,0.15,28.55,0.02,31.86,38.68,29.6,,-7.28,-46.65,0.14,0.08,40.26,0.03,5.09,7.67,0.28,17.99,0.01,0.17,,,,,,,,,,,,,,,,,,,,,,,,
LOOP6,P6,GeoProbe,159.1698,3.57,0.21,24.53,0.15,28.55,0.02,31.86,38.68,29.6,,-7.28,-46.65,0.14,0.08,40.26,0.03,5.09,7.67,0.28,17.99,0.01,0.17,,,,,,,,,,,,,,,,,,,,,,,,
LOOP6,P6,GeoProbe,159.1698,3.57,0.21,24.53,0.15,28.55,0.02,31.86,38.68,29.6,,-7.28,-46.65,0.14,0.08,40.26,0.03,5.09,7.67,0.28,17.99,0.01,0.17,,,,,,,,,,,,,,,,,,,,,,,,
LOOP6,P6,GeoProbe,159.1698,3.57,0.21,24.53,0.15,28.55,0.02,31.86,38.68,29.6,,-7.28,-46.65,0.14,0.08,40.26,0.03,5.09,7.67,0.28,17.99,0.01,0.17,,,,,,,,,,,,,,,,,,,,,,,,
LOOP6,P6,GeoProbe,159.1698,3.6375,,,,,,,,,,,,,,,,,,,,,,0.8,115.6,0.01,,,,,,,,,,,,,,,,,,,,,
LOOP6,P6,GeoProbe,159.1698,4.735,0.15,18.58,0.08,25.98,0.02,28.63,45.39,14.74,14.03,-7.18,-45.47,0.13,0.05,36.72,0.03,2.4,7.64,0.02,15.19,0.0,0.17,,,,,,,,,,,,,,,,,,,,,,,,
LOOP6,P6,GeoProbe,159.1698,4.74,0.15,18.58,0.08,25.98,0.02,28.63,45.39,14.74,14.03,-7.18,-45.47,0.13,0.05,36.72,0.03,2.4,7.64,0.02,15.19,0.0,0.17,,,,,,,,,,,,,,,,,,,,,,,,
LOOP6,P6,GeoProbe,159.1698,4.83,,,,,,,,,,,,,,,,,,,,,,0.3,105.3,0.0,,,,,,,,,,,,,,,,,,,,,
LOOP6,P6,GeoProbe,159.1698,5.67,0.19,31.37,0.09,5.1,0.02,49.72,12.45,42.52,,-7.18,-47.24,0.17,0.06,87.91,0.03,2.82,8.1,0.08,23.24,0.01,0.25,,,,,,,,,,,,,,,,,,,,,,,,
LOOP6,P6,GeoProbe,159.1698,5.67,0.19,31.37,0.09,5.1,0.02,49.72,12.45,42.52,,-7.18,-47.24,0.17,0.06,87.91,0.03,2.82,8.1,0.08,23.24,0.01,0.25,,,,,,,,,,,,,,,,,,,,,,,,
LOOP6,P6,GeoProbe,159.1698,5.67,0.19,31.37,0.09,5.1,0.02,49.72,12.45,42.52,,-7.18,-47.24,0.17,0.06,87.91,0.03,2.82,8.1,0.08,23.24,0.01,0.25,,,,,,,,,,,,,,,,,,,,,,,,
LOOP6,P6,GeoProbe,159.1698,5.67,0.19,31.37,0.09,5.1,0.02,49.72,12.45,42.52,,-7.18,-47.24,0.17,0.06,87.91,0.03,2.82,8.1,0.08,23.24,0.01,0.25,,,,,,,,,,,,,,,,,,,,,,,,
LOOP6,P6,GeoProbe,159.1698,6.015,0.25,37.43,0.07,2.1,0.02,61.89,16.37,25.85,41.86,-7.52,-48.62,0.15,0.08,82.44,0.03,3.42,7.17,0.16,28.42,0.01,0.27,,,,,,,,,,,,,,,,,,,,,,,,
LOOP6,P6,GeoProbe,159.1698,6.02,0.25,37.43,0.07,2.1,0.02,61.89,16.37,25.85,41.86,-7.52,-48.62,0.15,0.08,82.44,0.03,3.42,7.17,0.16,28.42,0.01,0.27,,,,,,,,,,,,,,,,,,,,,,,,
LOOP6,P6,GeoProbe,159.1698,6.08,,,,,,,,,,,,,,,,,,,,,,163.3,302.9,0.54,,,,,,,,,,,,,,,,,,,,,
LOOP6,P6,GeoProbe,159.1698,6.54,,,,,,,,,,,,,,,,,,,,,,480.8,606.5,0.79,,,,,,,,,,,,,,,,,,,,,
LOOP6,P6,GeoProbe,159.1698,6.635,2.25,43.31,0.14,0.32,0.05,65.15,178.14,,,,,0.14,0.08,62.28,0.03,3.5,7.56,0.08,44.51,0.02,0.52,,,,,,,,,,,,,,,,,,,,,,,,
LOOP6,P6,GeoProbe,159.1698,6.64,2.25,43.31,0.14,0.32,0.05,65.15,178.14,,,,,0.14,0.08,62.28,0.03,3.5,7.56,0.08,44.51,0.02,0.52,,,,,,,,,,,,,,,,,,,,,,,,
LOOP6,P6,GeoProbe,159.1698,7.175,,,,,,,,,,,,0.72,0.22,58.05,0.69,7.59,7.35,0.11,60.65,0.04,0.43,,,,,,,,,,,,,,,,,,,,,,,,
LOOP6,P6,GeoProbe,159.1698,7.18,,,,,,,,,,,,0.72,0.22,58.05,0.69,7.59,7.35,0.11,60.65,0.04,0.43,,,,,,,,,,,,,,,,,,,,,,,,
LOOP6,P6,GeoProbe,159.1698,7.27,,,,,,,,,,,,,,,,,,,,,,516.7,648.9,0.8,,,,,,,,,,,,,,,,,,,,,
LOOP6,P6,GeoProbe,159.1698,8.495,1.51,19.96,0.07,0.46,0.12,52.19,566.46,46.44,20.35,-7.57,-49.94,0.13,0.12,45.0,0.54,7.47,7.7,0.07,24.56,0.02,0.48,,,,,,,,,,,,,,,,,,,,,,,,
LOOP6,P6,GeoProbe,159.1698,8.5,1.51,19.96,0.07,0.46,0.12,52.19,566.46,46.44,20.35,-7.57,-49.94,0.13,0.12,45.0,0.54,7.47,7.7,0.07,24.56,0.02,0.48,,,,,,,,,,,,,,,,,,,,,,,,
LOOP6,P7,GeoProbe,159.1699,2.305,0.45,45.7,0.1,158.19,0.02,17.77,879.0,40.88,2.22,,,0.44,0.16,41.13,0.13,17.52,6.96,10.6,28.11,0.38,0.14,,,,,,,,,,,,,,,,,,,,,,,,
LOOP6,P7,GeoProbe,159.1699,2.31,0.45,45.7,0.1,158.19,0.02,17.77,879.0,40.88,2.22,,,0.44,0.16,41.13,0.13,17.52,6.96,10.6,28.11,0.38,0.14,,,,,,,,,,,,,,,,,,,,,,,,
LOOP6,P7,GeoProbe,159.1699,2.395,,,,,,,,,,,,,,,,,,,,,,1.6,158.8,0.01,,,,,,,,,,,,,,,,,,,,,
LOOP6,P7,GeoProbe,159.1699,3.305,,25.4,0.09,95.74,0.02,72.53,146.58,51.89,35.47,-7.17,-45.6,0.16,0.06,113.73,0.03,3.66,7.17,0.94,10.64,0.04,0.18,,,,,,,,,,,,,,,,,,,,,,,,
LOOP6,P7,GeoProbe,159.1699,3.31,,25.4,0.09,95.74,0.02,72.53,146.58,51.89,35.47,-7.17,-45.6,0.16,0.06,113.73,0.03,3.66,7.17,0.94,10.64,0.04,0.18,,,,,,,,,,,,,,,,,,,,,,,,
LOOP6,P7,GeoProbe,159.1699,4.835,0.13,24.79,0.17,94.82,0.02,24.93,300.66,27.31,4.73,-7.28,-46.08,0.15,0.08,42.51,0.03,4.39,3.16,1.91,19.2,0.07,0.2,,,,,,,,,,,,,,,,,,,,,,,,
LOOP6,P7,GeoProbe,159.1699,4.84,0.13,24.79,0.17,94.82,0.02,24.93,300.66,27.31,4.73,-7.28,-46.08,0.15,0.08,42.51,0.03,4.39,3.16,1.91,19.2,0.07,0.2,,,,,,,,,,,,,,,,,,,,,,,,
LOOP6,P7,GeoProbe,159.1699,5.96,,,,,,,,,,,,,,,,,,,,,,1.4,213.1,0.01,,,,,,,,,,,,,,,,,,,,,
LOOP6,P7,GeoProbe,159.1699,6.055,0.33,23.18,0.14,98.97,0.02,20.38,36.44,58.1,34.53,-7.27,-47.06,0.1,0.03,88.65,0.03,2.44,6.51,0.03,18.69,0.01,0.43,,,,,,,,,,,,,,,,,,,,,,,,
LOOP6,P7,GeoProbe,159.1699,6.06,0.33,23.18,0.14,98.97,0.02,20.38,36.44,58.1,34.53,-7.27,-47.06,0.1,0.03,88.65,0.03,2.44,6.51,0.03,18.69,0.01,0.43,,,,,,,,,,,,,,,,,,,,,,,,
LOOP6,P7,GeoProbe,159.1699,7.125,0.48,27.36,0.18,15.26,0.02,32.74,813.55,48.61,33.83,-7.19,-46.62,0.15,0.05,58.74,0.03,3.65,5.34,1.12,25.71,0.01,0.3,,,,,,,,,,,,,,,,,,,,,,,,
LOOP6,P7,GeoProbe,159.1699,7.13,0.48,27.36,0.18,15.26,0.02,32.74,813.55,48.61,33.83,-7.19,-46.62,0.15,0.05,58.74,0.03,3.65,5.34,1.12,25.71,0.01,0.3,,,,,,,,,,,,,,,,,,,,,,,,
LOOP6,P7,GeoProbe,159.1699,8.465,0.23,21.11,0.08,58.17,0.02,17.51,41.56,47.95,37.6,-7.19,-46.91,0.11,0.03,77.56,0.03,2.5,6.58,0.02,18.24,0.01,0.43,,,,,,,,,,,,,,,,,,,,,,,,
LOOP6,P7,GeoProbe,159.1699,8.47,0.23,21.11,0.08,58.17,0.02,17.51,41.56,47.95,37.6,-7.19,-46.91,0.11,0.03,77.56,0.03,2.5,6.58,0.02,18.24,0.01,0.43,,,,,,,,,,,,,,,,,,,,,,,,
LOOP6,P7,GeoProbe,159.1699,8.525,,,,,,,,,,,,,,,,,,,,,,2.7,110.9,0.02,,,,,,,,,,,,,,,,,,,,,
LOOP6,P8,GeoProbe,159.17,1.88,,,,,,,,,,,,,,,,,,,,,,3.5,61.7,0.06,,,,,,,,,,,,,,,,,,,,,
LOOP6,P8,GeoProbe,159.17,1.975,0.08,15.88,0.06,5.91,0.02,33.4,36.96,28.02,4.02,-6.79,-44.48,0.53,0.06,17.77,0.03,5.57,1.88,0.06,15.83,0.03,0.06,,,,,,,,,,,,,,,,,,,,,,,,
LOOP6,P8,GeoProbe,159.17,1.98,0.08,15.88,0.06,5.91,0.02,33.4,36.96,28.02,4.02,-6.79,-44.48,0.53,0.06,17.77,0.03,5.57,1.88,0.06,15.83,0.03,0.06,,,,,,,,,,,,,,,,,,,,,,,,
LOOP6,P8,GeoProbe,159.17,2.395,0.24,9.79,0.02,0.02,0.02,146.87,189.05,31.85,2.58,-6.67,-43.53,0.46,0.06,43.2,3.85,10.43,4.03,0.17,17.63,0.43,0.14,,,,,,,,,,,,,,,,,,,,,,,,
LOOP6,P8,GeoProbe,159.17,2.4,0.24,9.79,0.02,0.02,0.02,146.87,189.05,31.85,2.58,-6.67,-43.53,0.46,0.06,43.2,3.85,10.43,4.03,0.17,17.63,0.43,0.14,,,,,,,,,,,,,,,,,,,,,,,,
LOOP6,P8,GeoProbe,159.17,3.515,0.06,12.4,0.1,0.09,0.02,74.49,,53.87,35.39,,,0.41,0.07,24.72,1.13,10.49,2.47,0.18,19.98,0.18,0.09,,,,,,,,,,,,,,,,,,,,,,,,
LOOP6,P8,GeoProbe,159.17,3.52,0.06,12.4,0.1,0.09,0.02,74.49,,53.87,35.39,,,0.41,0.07,24.72,1.13,10.49,2.47,0.18,19.98,0.18,0.09,,,,,,,,,,,,,,,,,,,,,,,,
LOOP6,P8,GeoProbe,159.17,3.61,,,,,,,,,,,,,,,,,,,,,,83.5,134.4,0.62,,,,,,,,,,,,,,,,,,,,,
LOOP6,P8,GeoProbe,159.17,3.615,0.29,20.44,0.12,48.63,0.02,13.3,130.77,23.98,5.06,-6.84,-44.58,0.2,0.2,20.96,0.03,2.6,9.14,0.19,31.96,0.01,0.25,,,,,,,,,,,,,,,,,,,,,,,,
LOOP6,P8,GeoProbe,159.17,3.62,0.29,20.44,0.12,48.63,0.02,13.3,130.77,23.98,5.06,-6.84,-44.58,0.2,0.2,20.96,0.03,2.6,9.14,0.19,31.96,0.01,0.25,,,,,,,,,,,,,,,,,,,,,,,,
LOOP6,P8,GeoProbe,159.17,4.735,0.31,26.61,0.09,0.02,0.02,86.18,816.5,56.32,35.82,-6.62,-45.49,0.3,0.09,81.83,4.73,2.69,7.29,7.24,24.84,0.01,0.21,,,,,,,,,,,,,,,,,,,,,,,,
LOOP6,P8,GeoProbe,159.17,4.74,0.31,26.61,0.09,0.02,0.02,86.18,816.5,56.32,35.82,-6.62,-45.49,0.3,0.09,81.83,4.73,2.69,7.29,7.24,24.84,0.01,0.21,,,,,,,,,,,,,,,,,,,,,,,,
LOOP6,P8,GeoProbe,159.17,4.83,,,,,,,,,,,,,,,,,,,,,,531.8,595.1,0.89,,,,,,,,,,,,,,,,,,,,,
LOOP6,P8,GeoProbe,159.17,5.955,0.42,22.91,0.08,0.02,0.02,93.37,740.83,47.01,31.58,,,0.78,0.08,82.24,1.79,2.69,6.02,3.67,27.05,0.01,0.22,,,,,,,,,,,,,,,,,,,,,,,,
LOOP6,P8,GeoProbe,159.17,5.96,0.42,22.91,0.08,0.02,0.02,93.37,740.83,47.01,31.58,,,0.78,0.08,82.24,1.79,2.69,6.02,3.67,27.05,0.01,0.22,,,,,,,,,,,,,,,,,,,,,,,,
LOOP6,P8,GeoProbe,159.17,6.05,,,,,,,,,,,,,,,,,,,,,,891.4,901.2,0.99,,,,,,,,,,,,,,,,,,,,,
LOOP6,P8,GeoProbe,159.17,7.175,0.16,21.87,0.07,0.02,0.02,88.34,56.18,46.86,,,,0.68,0.06,83.92,0.26,1.79,4.96,0.8,27.38,0.01,0.21,,,,,,,,,,,,,,,,,,,,,,,,
LOOP6,P8,GeoProbe,159.17,7.18,0.16,21.87,0.07,0.02,0.02,88.34,56.18,46.86,,,,0.68,0.06,83.92,0.26,1.79,4.96,0.8,27.38,0.01,0.21,,,,,,,,,,,,,,,,,,,,,,,,
LOOP6,P8,GeoProbe,159.17,7.27,,,,,,,,,,,,,,,,,,,,,,114.3,254.1,0.45,,,,,,,,,,,,,,,,,,,,,
DEMO,D1,GeoProbe,46.2,3.29,,,,,,,,,,,,,,,,,,,,,,0.2,86.7,0.0,,,,,,,,,,,,,,,,,,,,,
DEMO,D1,GeoProbe,46.2,3.37,0.4,35.03,0.16,48.0,,46.8084,672.79,,1.86,,,0.02,0.02,22.19,0.04,2.08,10.02,0.18,34.27,0.01,0.24,,,,,,,,,,,,,,,,,,,,,,,,
DEMO,D1,GeoProbe,46.2,4.42,,,,,,,,,,,,,,,,,,,,,,0.1,113.7,0.0,,,,,,,,,,,,,,,,,,,,,
DEMO,D1,GeoProbe,46.2,5.63,,,,,,,,,,,,,,,,,,,,,,0.6,90.9,0.01,,,,,,,,,,,,,,,,,,,,,
DEMO,D1,GeoProbe,46.2,6.77,,,,,,,,,,,,,,,,,,,,,,0.4,112.9,0.0,,,,,,,,,,,,,,,,,,,,,
DEMO,D1,GeoProbe,46.2,6.91,0.2,20.28,0.12,36.13,,27.63,267.3,17.19,5.81,-7.39,-47.76,,,,,,,,,,,,,,,,,,,,,,,,,,,,,,,,,,
DEMO,D1,GeoProbe,46.2,7.98,,,,,,,,,,,,,,,,,,,,,,14.5,168.6,0.09,,,,,,,,,,,,,,,,,,,,,
DEMO,D1,GeoProbe,46.2,8.11,0.08,22.38,0.13,61.21,,38.08,353.37,16.91,4.59,-7.38,-48.27,0.02,0.08,28.52,0.06,3.13,5.81,0.11,17.86,0.01,0.17,,,,,,,,,,,,,,,,,,,,,,,,
DEMO,D1,GeoProbe,46.2,9.44,,,,,,,,,,,,,,,,,,,,,,40.6,194.1,0.21,,,,,,,,,,,,,,,,,,,,,
DEMO,D1,GeoProbe,46.2,9.52,0.13,31.11,0.17,66.55,,41.6,932.18,20.34,5.9,-7.13,-46.65,0.09,0.11,34.8,0.09,5.04,7.4,0.75,23.46,0.01,0.21,,,,,,,,,,,,,,,,,,,,,,,,
DEMO,D1A,GeoProbe,46.2001,5.42,,,,,,,,,,,,,,,,,,,,,,30.6,288.4,0.11,,,,,,,,,,,,,,,,,,,,,
DEMO,D1A,GeoProbe,46.2001,5.56,,,,,,,,,,,,0.08,0.15,74.52,0.19,3.09,12.55,0.01,73.22,0.01,0.43,,,,,,,,,,,,,,,,,,,,,,,,
DEMO,D1A,GeoProbe,46.2001,6.19,1.25,33.23,0.19,0.58,,99.0,154.25,,22.49,-6.88,-46.31,0.08,0.09,61.15,0.16,4.13,9.51,0.05,32.13,0.0,0.29,,,,,,,,,,,,,,,,,,,,,,,,
DEMO,D1A,GeoProbe,46.2001,6.63,,,,,,,,,,,,,,,,,,,,,,1439.7,1388.5,1.04,,,,,,,,,,,,,,,,,,,,,
DEMO,D1A,GeoProbe,46.2001,8.12,,,,,,,,,,,,0.06,0.07,70.49,0.21,2.47,10.98,0.03,50.94,0.0,0.53,,,,,,,,,,,,,,,,,,,,,,,,
DEMO,D1A,GeoProbe,46.2001,8.5,,,,,,,,,,,,,,,,,,,,,,16.2,80.6,0.2,,,,,,,,,,,,,,,,,,,,,
DEMO,D1A,GeoProbe,46.2001,9.38,,,,,,,,,,,,,,,,,,,,,,1.9,36.5,0.05,,,,,,,,,,,,,,,,,,,,,
DEMO,D1A,GeoProbe,46.2001,9.52,0.69,34.82,0.22,0.84,,114.9,,,26.54,,,0.07,0.12,72.34,0.2,2.54,8.24,0.01,31.05,0.0,0.3,,,,,,,,,,,,,,,,,,,,,,,,
DEMO,D1A,GeoProbe,46.2001,10.75,,,,,,,,,,,,,,,,,,,,,,30.1,111.7,0.27,,,,,,,,,,,,,,,,,,,,,
DEMO,D1A,GeoProbe,46.2001,10.89,0.9,51.63,0.3,3.76,,121.68,,,23.36,,,0.08,0.08,69.75,0.19,4.05,10.01,0.02,38.01,0.0,0.42,,,,,,,,,,,,,,,,,,,,,,,,
DEMO,D1A,GeoProbe,46.2001,12.06,0.73,49.78,0.32,14.13,,117.55,,,18.72,,,0.08,0.06,71.54,0.2,5.58,9.67,0.03,38.71,0.0,0.36,,,,,,,,,,,,,,,,,,,,,,,,
DEMO,D1A,GeoProbe,46.2001,12.45,0.16,25.79,0.14,49.91,,67.97,36.92,44.68,31.05,-7.34,-48.19,0.13,0.04,80.93,0.3,2.1,6.57,0.05,17.25,0.0,0.26,,,,,,,,,,,,,,,,,,,,,,,,
DEMO,D1A,GeoProbe,46.2001,12.53,,,,,,,,,,,,,,,,,,,,,,109.6,245.6,0.45,,,,,,,,,,,,,,,,,,,,,
DEMO,D1A,GeoProbe,46.2001,13.67,0.21,26.31,0.17,24.66,,45.26,810.89,61.67,32.94,-7.25,-47.51,0.07,0.07,72.76,0.27,3.16,6.01,0.15,19.71,0.01,0.23,,,,,,,,,,,,,,,,,,,,,,,,
DEMO,D1A,GeoProbe,46.2001,13.75,,,,,,,,,,,,,,,,,,,,,,23.7,146.8,0.16,,,,,,,,,,,,,,,,,,,,,
DEMO,D4,GeoProbe,46.2002,2.49,,,,,,,,,,,,,,,,,,,,,,5.4,201.7,0.03,,,,,,,,,,,,,,,,,,,,,
DEMO,D4,GeoProbe,46.2002,2.63,0.37,16.89,0.09,37.22,,26.89,,11.48,2.73,-7.39,-48.51,0.08,0.07,19.46,0.01,0.76,5.0,0.03,10.16,0.01,0.1,,,,,,,,,,,,,,,,,,,,,,,,
DEMO,D4,GeoProbe,46.2002,4.32,,,,,,,,,,,,,,,,,,,,,,4.2,275.0,0.02,,,,,,,,,,,,,,,,,,,,,
DEMO,D4,SP15(0.25),46.2002,4.5,,,,,,,,,,,,,,,,,,,,,,,,,0.05,0.02,69.81,0.3,2.52,7.27,0.2,10.66,0.08,0.2,8.03,432.0,0.7,0.04,12.36,0.05,17.19,0.02,10.81,-7.15,-47.89
DEMO,D4,GeoProbe,46.2002,4.65,1.27,27.51,0.16,53.44,,41.29,,8.69,28.61,-6.98,-45.71,0.08,0.02,69.08,0.23,1.21,10.02,0.0,10.67,0.0,0.22,,,,,,,,,,,,,,,,,,,,,,,,
DEMO,D4,SP15(0.25),46.2002,5.0,,,,,,,,,,,,,,,,,,,,,,,,,0.05,0.02,70.2,0.31,1.36,6.31,0.02,8.91,0.01,0.19,7.89,432.0,0.7,0.03,24.29,0.1,36.95,0.03,21.77,-7.35,-48.81
DEMO,D4,GeoProbe,46.2002,5.43,,,,,,,,,,,,,,,,,,,,,,32.5,120.6,0.27,,,,,,,,,,,,,,,,,,,,,
DEMO,D4,SP15(0.25),46.2002,5.5,,,,,,,,,,,,,,,,,,,,,,,,,0.05,0.01,77.78,0.53,1.92,6.67,0.03,9.69,0.01,0.21,7.78,471.0,0.7,0.04,22.63,0.09,27.56,0.01,39.05,-7.37,-48.88
DEMO,D4,GeoProbe,46.2002,5.81,0.2,27.97,0.12,38.25,,28.68,32.86,42.78,35.07,-7.46,-48.64,0.09,0.09,77.49,0.27,2.92,9.54,0.01,17.22,0.0,0.34,,,,,,,,,,,,,,,,,,,,,,,,
DEMO,D4,SP15(0.25),46.2002,6.0,,,,,,,,,,,,,,,,,,,,,,,,,0.05,0.02,83.09,0.41,1.66,6.89,0.08,11.11,0.01,0.2,7.46,484.0,0.2,0.04,21.28,0.09,0.17,0.02,72.33,-7.21,-48.18
DEMO,D4,GeoProbe,46.2002,6.15,,,,,,,,,,,,,,,,,,,,,,219.3,375.6,0.58,,,,,,,,,,,,,,,,,,,,,
DEMO,D4,GeoProbe,46.2002,6.45,0.05,24.83,0.13,0.29,,88.77,67.46,38.72,37.64,-7.42,-49.24,0.08,0.06,92.19,0.36,2.58,9.31,0.02,21.66,0.01,0.39,,,,,,,,,,,,,,,,,,,,,,,,
DEMO,D4,GeoProbe,46.2002,6.99,,,,,,,,,,,,,,,,,,,,,,231.5,236.1,0.98,,,,,,,,,,,,,,,,,,,,,
DEMO,D4,GeoProbe,46.2002,7.28,0.11,21.68,0.11,6.4,,72.05,16.1,,38.19,-7.42,-48.81,0.56,0.02,75.05,0.33,1.32,7.52,0.01,15.9,0.0,0.26,,,,,,,,,,,,,,,,,,,,,,,,
DEMO,D4,GeoProbe,46.2002,8.5,,,,,,,,,,,,,,,,,,,,,,280.9,289.0,0.97,,,,,,,,,,,,,,,,,,,,,
DEMO,D4A,GeoProbe,46.2003,3.53,0.98,26.68,0.12,32.05,,41.22,40.57,14.74,0.26,,,0.34,0.04,14.63,0.04,0.29,4.71,0.01,8.51,0.01,0.08,,,,,,,,,,,,,,,,,,,,,,,,
DEMO,D4A,GeoProbe,46.2003,3.62,,,,,,,,,,,,,,,,,,,,,,0.5,80.8,0.01,,,,,,,,,,,,,,,,,,,,,
DEMO,D4A,GeoProbe,46.2003,4.71,0.22,27.79,0.12,42.77,,34.62,28.37,,12.41,-6.94,-45.84,0.19,0.01,43.16,0.16,1.02,4.33,0.0,9.41,0.0,0.11,,,,,,,,,,,,,,,,,,,,,,,,
DEMO,D4A,GeoProbe,46.2003,4.84,,,,,,,,,,,,,,,,,,,,,,2.1,142.1,0.01,,,,,,,,,,,,,,,,,,,,,
DEMO,D4A,GeoProbe,46.2003,5.93,,,,,,,,,,,,0.18,0.15,63.8,0.24,2.03,5.02,0.02,42.42,0.01,0.31,,,,,,,,,,,,,,,,,,,,,,,,
DEMO,D4A,GeoProbe,46.2003,6.06,,,,,,,,,,,,,,,,,,,,,,1.5,146.9,0.01,,,,,,,,,,,,,,,,,,,,,
DEMO,D4A,GeoProbe,46.2003,6.8,2.12,32.19,0.16,42.35,,59.58,,,,,,0.14,0.25,68.27,0.31,1.77,4.53,0.01,42.65,0.0,0.2,,,,,,,,,,,,,,,,,,,,,,,,
DEMO,D4A,GeoProbe,46.2003,7.28,3.06,39.44,0.19,41.22,,64.44,,,,,,,,,,,,,,,,211.9,261.8,0.81,,,,,,,,,,,,,,,,,,,,,
DEMO,D4A,GeoProbe,46.2003,8.07,,,,,,,,,,,,0.51,0.05,63.96,0.72,4.24,7.5,0.03,31.86,0.01,0.19,,,,,,,,,,,,,,,,,,,,,,,,
DEMO,D4A,GeoProbe,46.2003,9.0,,,,,,,,,,,,,,,,,,,,,,275.8,254.9,1.08,,,,,,,,,,,,,,,,,,,,,
DEMO,D4A,GeoProbe,46.2003,9.72,,,,,,,,,,,,,,,,,,,,,,296.0,284.4,1.04,,,,,,,,,,,,,,,,,,,,,
DEMO,D5,GeoProbe,46.2004,2.53,0.73,24.19,0.1,46.12,,33.15,119.09,17.37,0.59,-7.21,-47.63,0.12,0.1,17.77,-0.03,0.98,5.24,0.05,11.46,0.0,0.1,,,,,,,,,,,,,,,,,,,,,,,,
DEMO,D5,GeoProbe,46.2004,4.75,0.51,28.41,0.12,64.42,,31.94,115.12,17.05,1.87,-7.06,-46.37,0.2,0.08,18.04,0.0,1.32,10.18,0.02,11.99,0.01,0.16,,,,,,,,,,,,,,,,,,,,,,,,
DEMO,D5,GeoProbe,46.2004,4.92,,,,,,,,,,,,,,,,,,,,,,1.5,198.6,0.01,,,,,,,,,,,,,,,,,,,,,
DEMO,D5,GeoProbe,46.2004,5.05,0.36,28.47,0.13,58.92,,33.19,138.81,12.8,2.09,-7.13,-46.33,0.1,0.02,18.31,-0.02,1.49,9.87,0.03,11.94,0.02,0.15,,,,,,,,,,,,,,,,,,,,,,,,
DEMO,D5,GeoProbe,46.2004,6.19,,,,,,,,,,,,0.02,0.08,71.34,0.22,2.18,10.79,0.05,48.75,0.0,0.57,,,,,,,,,,,,,,,,,,,,,,,,
DEMO,D5,GeoProbe,46.2004,6.32,,,,,,,,,,,,,,,,,,,,,,1280.6,1216.4,1.05,,,,,,,,,,,,,,,,,,,,,
DEMO,D5,GeoProbe,46.2004,7.24,,,,,,,,,,,,,,,,,,,,,,2200.4,2205.2,1.0,,,,,,,,,,,,,,,,,,,,,
DEMO,D5,GeoProbe,46.2004,8.46,,,,,,,,,,,,,,,,,,,,,,1442.6,1387.7,1.04,,,,,,,,,,,,,,,,,,,,,
DEMO,D5,GeoProbe,46.2004,9.49,0.13,35.03,0.15,0.26,,87.69,63.79,12.84,17.64,-7.24,-47.68,0.01,0.05,65.83,0.2,1.67,4.05,0.04,19.91,0.0,0.2,,,,,,,,,,,,,,,,,,,,,,,,
DEMO,D5,GeoProbe,46.2004,9.62,,,,,,,,,,,,,,,,,,,,,,451.2,408.7,1.1,,,,,,,,,,,,,,,,,,,,,
DEMO,D5,GeoProbe,46.2004,10.15,0.28,27.88,0.14,0.3,,89.8,47.53,,,-7.31,-47.45,0.03,0.07,66.44,0.21,2.9,3.62,0.01,19.93,0.0,0.2,,,,,,,,,,,,,,,,,,,,,,,,
DEMO,D5,GeoProbe,46.2004,10.28,,,,,,,,,,,,,,,,,,,,,,237.5,224.8,1.06,,,,,,,,,,,,,,,,,,,,,
DEMO,D5,GeoProbe,46.2004,10.51,0.36,28.46,0.15,0.36,,82.31,,,23.67,,,0.03,0.06,70.48,0.24,1.97,4.22,0.03,18.62,0.01,0.19,,,,,,,,,,,,,,,,,,,,,,,,
DEMO,D5,GeoProbe,46.2004,10.94,,,,,,,,,,,,,,,,,,,,,,629.3,625.7,1.01,,,,,,,,,,,,,,,,,,,,,
DEMO,D5,GeoProbe,46.2004,11.51,,,,,,,,,,,,,,,,,,,,,,1501.3,1414.9,1.06,,,,,,,,,,,,,,,,,,,,,
DEMO,D5,SP15(0.25),46.2004,12.3,,,,,,,,,,,,,,,,,,,,,,,,,0.06,0.04,88.2,0.4,3.58,5.93,0.3,20.26,0.01,0.21,,,,,,,,,,,
DEMO,D5,GeoProbe,46.2004,13.3,0.22,30.49,0.15,18.19,,69.39,46.03,50.15,34.06,-7.24,-47.77,0.02,0.04,81.05,0.27,2.0,6.71,0.64,20.05,0.01,0.21,,,,,,,,,,,,,,,,,,,,,,,,
DEMO,D5,GeoProbe,46.2004,13.38,,,,,,,,,,,,,,,,,,,,,,23.5,225.7,0.1,,,,,,,,,,,,,,,,,,,,,
DEMO,D5,GeoProbe,46.2004,14.52,0.29,45.22,0.16,39.97,,80.74,,65.28,23.19,-7.57,-51.25,0.05,0.07,78.25,0.24,2.09,6.2,0.04,29.33,0.0,0.25,,,,,,,,,,,,,,,,,,,,,,,,
DEMO,D5,GeoProbe,46.2004,14.6,,,,,,,,,,,,,,,,,,,,,,6.7,43.2,0.16,,,,,,,,,,,,,,,,,,,,,
DEMO,D5,GeoProbe,46.2004,15.74,0.13,37.65,0.16,12.54,,107.5,19.62,53.65,31.65,-7.76,-52.4,0.06,0.03,76.91,0.2,2.21,5.26,0.01,30.96,0.0,0.25,,,,,,,,,,,,,,,,,,,,,,,,
DEMO,D5,GeoProbe,46.2004,15.82,,,,,,,,,,,,,,,,,,,,,,15.2,110.7,0.14,,,,,,,,,,,,,,,,,,,,,
DEMO,D6,GeoProbe,55.2815,2.3,1.04,32.66,0.16,0.82,,105.17,,,,,,,,,,,,,,,,,,,,,,,,,,,,,,,,,,,,,,,
DEMO,D6,GeoProbe,55.2815,3.57,,,,,,,,,,,,0.06,0.03,32.94,0.08,2.28,9.92,0.09,58.9,0.01,0.34,,,,,,,,,,,,,,,,,,,,,,,,
DEMO,D6,GeoProbe,55.2815,4.66,,,,,,,,,,,,,,,,,,,,,,0.2,55.5,0.0,,,,,,,,,,,,,,,,,,,,,
DEMO,D6,GeoProbe,55.2815,4.79,1.18,59.36,0.34,64.69,,57.09,,11.24,,,,0.06,0.05,31.39,0.12,2.86,9.43,0.05,47.95,0.01,0.4,,,,,,,,,,,,,,,,,,,,,,,,
DEMO,D6,GeoProbe,55.2815,5.93,0.27,29.71,0.19,33.84,,34.26,30.13,16.15,2.05,-6.88,-46.15,0.03,0.08,17.6,0.03,1.87,4.79,0.09,22.69,0.01,0.17,,,,,,,,,,,,,,,,,,,,,,,,
DEMO,D6,GeoProbe,55.2815,6.06,,,,,,,,,,,,,,,,,,,,,,0.2,35.7,0.0,,,,,,,,,,,,,,,,,,,,,
DEMO,D6,SP15(0.25),55.2815,6.6,,,,,,,,,,,,,,,,,,,,,,,,,0.06,0.05,21.22,0.29,0.92,7.68,0.16,11.85,0.03,0.15,6.62,249.0,6.3,0.08,20.43,0.12,36.78,,28.87,-7.06,-45.9
DEMO,D6,SP15(0.25),55.2815,7.1,,,,,,,,,,,,,,,,,,,,,,,,,0.06,0.05,40.84,0.46,1.87,11.17,0.25,13.25,0.03,0.24,7.22,355.0,5.0,0.31,22.03,0.13,39.77,0.01,31.33,-7.15,-45.89
DEMO,D6,GeoProbe,55.2815,7.15,,27.02,0.17,48.04,,34.27,157.91,,46.28,-6.91,-45.21,0.0,0.08,80.86,0.31,3.8,10.28,0.03,19.22,0.01,0.37,,,,,,,,,,,,,,,,,,,,,,,,
DEMO,D6,GeoProbe,55.2815,7.28,,,,,,,,,,,,,,,,,,,,,,22.8,83.9,0.27,,,,,,,,,,,,,,,,,,,,,
DEMO,D6,SP15(0.25),55.2815,7.6,,,,,,,,,,,,,,,,,,,,,,,,,0.05,0.03,81.16,0.34,2.44,9.67,0.06,12.39,0.01,0.28,7.99,495.0,4.0,0.14,20.05,0.13,45.33,0.01,29.69,-7.05,-45.33
DEMO,D6,GeoProbe,55.2815,8.42,0.09,33.32,0.16,8.59,,55.57,47.74,44.42,27.78,-7.21,-48.46,0.08,0.06,64.93,0.25,2.56,4.27,0.0,18.38,0.0,0.23,,,,,,,,,,,,,,,,,,,,,,,,
DEMO,D6,GeoProbe,55.2815,8.5,,,,,,,,,,,,,,,,,,,,,,73.7,183.9,0.4,,,,,,,,,,,,,,,,,,,,,
DEMO,D6,SP15(0.25),55.2815,8.6,,,,,,,,,,,,,,,,,,,,,,,,,0.06,0.04,85.83,0.78,2.87,4.32,0.09,18.51,0.02,0.24,8.04,503.0,0.3,0.12,34.85,0.15,6.49,,58.86,-7.27,-48.14
DEMO,D6,GeoProbe,55.2815,8.84,0.22,41.72,0.18,0.25,,67.9,35.18,44.45,31.38,-7.52,-49.6,0.07,0.05,70.69,0.26,3.5,3.26,0.01,25.23,0.0,0.25,,,,,,,,,,,,,,,,,,,,,,,,
DEMO,D6,SP15(0.25),55.2815,9.6,,,,,,,,,,,,,,,,,,,,,,,,,0.05,0.04,108.91,2.34,2.29,4.65,0.14,28.9,0.01,0.32,8.08,677.0,0.1,0.11,52.81,0.18,0.01,,90.84,-7.61,-51.77
DEMO,D6,GeoProbe,55.2815,9.64,0.39,52.35,0.19,0.19,,90.55,94.85,47.5,31.79,-7.74,-51.41,0.07,0.07,82.91,0.32,3.09,3.28,0.01,30.57,0.0,0.28,,,,,,,,,,,,,,,,,,,,,,,,
DEMO,D6,GeoProbe,55.2815,9.72,,,,,,,,,,,,,,,,,,,,,,280.2,268.7,1.04,,,,,,,,,,,,,,,,,,,,,
DEMO,D6,GeoProbe,55.2815,10.59,,,,,,,,,,,,,,,,,,,,,,341.9,378.9,0.9,,,,,,,,,,,,,,,,,,,,,
DEMO,D6,GeoProbe,55.2815,10.9,0.29,58.62,0.21,0.28,,97.22,203.73,49.82,35.78,-7.87,-52.17,0.06,0.06,94.3,0.37,2.68,4.05,0.02,33.5,0.0,0.31,,,,,,,,,,,,,,,,,,,,,,,,
DEMO,D6,SP15(0.25),55.2815,11.6,,,,,,,,,,,,,,,,,,,,,,,,,0.06,0.03,103.2,3.25,4.41,5.02,0.27,32.81,0.03,0.3,8.14,689.0,0.1,0.11,49.69,0.18,0.06,,88.56,-7.91,-52.63
DEMO,D6,GeoProbe,55.2815,12.08,0.26,53.69,0.26,0.27,,98.09,1164.07,9.3,34.03,-7.96,-52.57,0.06,0.07,95.25,0.37,3.16,4.4,0.02,33.05,0.0,0.32,,,,,,,,,,,,,,,,,,,,,,,,
DEMO,D6,GeoProbe,55.2815,12.16,,,,,,,,,,,,,,,,,,,,,,276.6,263.6,1.05,,,,,,,,,,,,,,,,,,,,,
DEMO,D6,GeoProbe,55.2815,12.59,0.41,62.99,0.26,0.28,,94.63,176.35,32.15,22.37,,,0.02,0.07,70.16,0.25,3.55,3.74,0.02,40.2,0.0,0.27,,,,,,,,,,,,,,,,,,,,,,,,
DEMO,D6,GeoProbe,55.2815,13.17,,,,,,,,,,,,,,,,,,,,,,377.1,380.6,0.99,,,,,,,,,,,,,,,,,,,,,
DEMO,D6,SP15(0.25),55.2815,13.6,,,,,,,,,,,,,,,,,,,,,,,,,0.06,0.04,109.19,3.66,2.49,5.12,0.25,33.17,0.02,0.32,7.94,690.0,0.1,0.11,53.24,0.18,0.01,,88.72,-7.79,-52.87
DEMO,D6,SP15(0.25),55.2815,15.6,,,,,,,,,,,,,,,,,,,,,,,,,0.06,0.03,94.17,3.2,2.42,4.66,0.23,31.02,0.02,0.3,8.02,609.0,0.1,0.09,43.4,0.16,0.01,,79.86,-8.14,-53.59
DEMO,D6,SP15(0.25),55.2815,17.6,,,,,,,,,,,,,,,,,,,,,,,,,0.06,0.03,87.64,2.5,2.23,4.22,0.2,24.75,0.02,0.28,8.13,559.0,0.1,0.1,38.4,0.15,0.01,,73.52,-7.95,-54.77
DEMO,D6,SP15(0.25),55.2815,19.6,,,,,,,,,,,,,,,,,,,,,,,,,0.05,0.03,90.27,2.5,2.23,4.48,0.17,24.87,0.01,0.29,8.01,570.0,0.3,0.11,38.88,0.15,0.01,,77.34,-8.06,-54.35
DEMO,D6,SP15(0.25),55.2815,20.6,,,,,,,,,,,,,,,,,,,,,,,,,0.06,0.03,85.08,2.49,2.36,4.3,0.2,23.99,0.02,0.28,7.99,549.0,0.3,0.12,37.81,0.15,0.01,,74.24,-8.2,-54.9
DEMO,D6,SP15(0.25),55.2815,21.6,,,,,,,,,,,,,,,,,,,,,,,,,0.05,0.03,87.81,2.14,2.4,4.26,0.19,24.01,0.01,0.28,7.94,541.0,0.1,0.13,34.95,0.14,0.01,,69.23,-8.16,-54.77
DEMO,D6,SP15(0.25),55.2815,22.6,,,,,,,,,,,,,,,,,,,,,,,,,0.05,0.03,85.74,2.06,1.89,4.07,0.17,21.83,0.01,0.27,7.84,540.0,0.3,0.12,38.54,0.15,0.01,,73.28,-8.16,-54.97
DEMO,D6,SP15(0.25),55.2815,23.6,,,,,,,,,,,,,,,,,,,,,,,,,0.05,0.03,90.2,2.28,2.4,4.31,0.18,23.65,0.02,0.28,7.86,560.0,0.3,0.12,39.29,0.16,0.01,,74.98,-8.19,-54.74
DEMO,D6,SP15(0.25),55.2815,24.6,,,,,,,,,,,,,,,,,,,,,,,,,0.05,0.03,87.67,2.23,2.32,4.41,0.17,24.81,0.01,0.29,7.74,563.0,0.1,0.12,40.24,0.16,0.01,,76.78,-8.01,-54.61
DEMO,D6,SP15(0.25),55.2815,25.6,,,,,,,,,,,,,,,,,,,,,,,,,0.05,0.03,88.34,1.89,2.03,4.31,0.12,24.66,0.01,0.29,7.47,558.0,0.4,0.09,39.19,0.15,0.01,,74.78,-7.9,-54.61
DEMO,D7,GeoProbe,55.2816,4.62,,,,,,,,,,,,,,,,,,,,,,0.2,42.4,0.01,,,,,,,,,,,,,,,,,,,,,
DEMO,D7,GeoProbe,55.2816,4.75,,30.84,0.21,73.16,,54.63,78.64,15.68,1.72,,,0.06,0.07,26.5,0.06,12.2,9.44,0.21,30.83,0.03,0.23,,,,,,,,,,,,,,,,,,,,,,,,
DEMO,D7,GeoProbe,55.2816,5.84,,,,,,,,,,,,,,,,,,,,,,4.2,28.7,0.15,,,,,,,,,,,,,,,,,,,,,
DEMO,D7,GeoProbe,55.2816,5.97,,,,,,,,,,,,0.03,0.03,34.3,0.1,3.27,8.91,0.03,67.01,0.01,0.39,,,,,,,,,,,,,,,,,,,,,,,,
DEMO,D7,GeoProbe,55.2816,7.16,0.27,72.65,0.19,31.81,,46.46,44.07,11.05,26.67,-7.47,-48.99,0.03,0.05,50.0,0.15,2.59,7.12,0.27,54.44,0.0,0.25,,,,,,,,,,,,,,,,,,,,,,,,
DEMO,D7,GeoProbe,55.2816,7.29,,,,,,,,,,,,,,,,,,,,,,33.2,76.5,0.43,,,,,,,,,,,,,,,,,,,,,
DEMO,D7,SP15(0.25),55.2816,7.32,,,,,,,,,,,,,,,,,,,,,,,,,0.05,0.02,52.59,0.85,1.51,5.61,0.11,42.51,0.01,0.18,7.56,486.0,2.4,0.11,29.26,0.1,25.13,0.01,38.37,-7.41,-48.72
DEMO,D7,GeoProbe,55.2816,8.37,0.18,26.35,0.15,27.0,,50.58,14.69,14.52,26.82,-7.35,-48.0,0.52,0.02,62.33,0.64,2.22,6.28,0.25,19.7,0.01,0.25,,,,,,,,,,,,,,,,,,,,,,,,
DEMO,D7,GeoProbe,55.2816,8.5,,,,,,,,,,,,,,,,,,,,,,123.2,266.4,0.46,,,,,,,,,,,,,,,,,,,,,
DEMO,D7,SP15(0.25),55.2816,8.54,,,,,,,,,,,,,,,,,,,,,,,,,0.05,0.02,64.51,0.94,1.52,5.63,0.1,13.73,0.01,0.18,7.59,403.0,4.9,0.08,19.67,0.13,36.47,,38.81,-7.38,-47.46
DEMO,D7,SP15(0.25),55.2816,9.15,,,,,,,,,,,,,,,,,,,,,,,,,0.06,0.02,66.16,1.62,1.78,5.96,0.15,13.93,0.01,0.19,7.68,418.0,4.3,0.07,20.5,0.13,36.95,,40.21,-7.49,-47.54
DEMO,D7,GeoProbe,55.2816,9.39,0.26,23.58,0.15,39.1,,42.04,,,,,,0.11,0.05,60.36,0.25,6.98,5.83,0.36,30.03,0.01,0.23,,,,,,,,,,,,,,,,,,,,,,,,
DEMO,D7,GeoProbe,55.2816,9.72,,,,,,,,,,,,,,,,,,,,,,10.1,58.1,0.17,,,,,,,,,,,,,,,,,,,,,
DEMO,D7,SP15(0.25),55.2816,9.76,,,,,,,,,,,,,,,,,,,,,,,,,0.05,0.02,76.05,1.24,1.78,6.76,0.33,14.8,0.01,0.22,7.71,464.0,2.5,0.09,22.74,0.13,32.51,,47.81,-7.54,-48.22
DEMO,D7,GeoProbe,55.2816,10.61,0.16,29.67,0.15,24.93,,63.89,33.67,53.53,34.25,-7.45,-48.29,0.08,0.02,53.57,0.18,1.75,5.65,0.05,17.06,0.0,0.21,,,,,,,,,,,,,,,,,,,,,,,,
DEMO,D7,GeoProbe,55.2816,10.94,,,,,,,,,,,,,,,,,,,,,,16.4,81.9,0.2,,,,,,,,,,,,,,,,,,,,,
DEMO,D7,SP15(0.25),55.2816,10.98,,,,,,,,,,,,,,,,,,,,,,,,,0.05,0.03,92.05,2.78,1.97,5.85,0.24,18.33,0.02,0.27,7.8,562.0,0.6,0.09,30.96,0.15,10.71,,72.3,-8.08,-50.62
DEMO,D7,GeoProbe,55.2816,11.87,0.41,33.74,0.22,7.04,,63.3,1199.98,42.81,33.19,-7.5,-48.48,0.08,0.03,73.65,0.25,7.78,8.01,0.05,19.04,0.01,0.24,,,,,,,,,,,,,,,,,,,,,,,,
DEMO,D7,GeoProbe,55.2816,12.16,,,,,,,,,,,,,,,,,,,,,,16.9,93.8,0.18,,,,,,,,,,,,,,,,,,,,,
DEMO,D7,SP15(0.25),55.2816,12.2,,,,,,,,,,,,,,,,,,,,,,,,,0.06,0.03,91.59,1.79,2.02,4.87,0.31,19.99,0.01,0.29,7.96,557.0,0.5,0.09,35.36,0.15,0.72,,83.04,-8.34,-53.05
DEMO,D7,SP15(0.25),55.2816,13.42,,,,,,,,,,,,,,,,,,,,,,,,,0.05,0.03,95.12,2.22,2.84,5.43,0.23,19.44,0.02,0.29,7.76,584.0,0.2,0.1,34.29,0.16,17.12,,73.53,-7.9,-51.32
DEMO,D7,SP15(0.25),55.2816,14.64,,,,,,,,,,,,,,,,,,,,,,,,,0.06,0.03,95.72,4.22,2.77,6.13,0.18,21.02,0.02,0.26,7.76,599.0,0.4,0.1,37.16,0.17,24.15,,72.17,-7.69,-51.12
DEMO,D7,SP15(0.25),55.2816,15.86,,,,,,,,,,,,,,,,,,,,,,,,,0.05,0.03,92.27,3.89,2.63,5.46,0.2,19.49,0.02,0.26,7.75,573.0,0.3,0.09,32.08,0.15,18.95,,69.88,-7.52,-50.22
DEMO,D7,SP15(0.25),55.2816,18.3,,,,,,,,,,,,,,,,,,,,,,,,,0.06,0.03,112.82,3.78,4.16,5.42,0.2,23.81,0.02,0.32,8.02,670.0,0.3,0.1,39.13,0.17,5.05,,82.85,-7.79,-50.87
DEMO,D7,SP15(0.25),55.2816,20.74,,,,,,,,,,,,,,,,,,,,,,,,,0.06,0.03,109.61,3.54,3.75,5.48,0.18,23.67,0.01,0.31,8.21,660.0,0.2,0.1,38.46,0.17,0.01,,94.39,-8.13,-52.77
DEMO,D7,SP15(0.25),55.2816,23.18,,,,,,,,,,,,,,,,,,,,,,,,,0.05,0.04,109.25,4.57,3.32,5.29,0.18,23.2,0.01,0.31,8.19,646.0,0.3,0.11,36.95,0.18,0.01,,89.43,-7.74,-50.34
DEMO,D7,SP15(0.25),55.2816,25.62,,,,,,,,,,,,,,,,,,,,,,,,,0.05,0.04,114.8,4.56,2.72,5.27,0.17,25.75,0.02,0.33,7.98,685.0,1.2,0.09,37.54,0.15,0.01,,86.29,-8.13,-52.94
